row_index,split,market_id,asset,feature_timestamp,outcome,yes_price_only_prediction,microstructure_only_prediction,yes_price_plus_microstructure_prediction
0,train,0x0bb4f14824183e80eab341590b407d098f11bac4b8f9d07212dc72b12f145dec,BTC,2026-06-23T12:11:01.900663+00:00,0,0.205,0.5626618114,0.428357336
1,train,0xb140d4b50b2719bf6aed297fcf17204ef270faa7ee6019d081939a0d311fd3b7,ETH,2026-06-23T12:11:01.900663+00:00,0,0.165,0.3803712736,0.3068607014
2,train,0x33cc15f8a419cbcb60c13dca1e37204bb994fd9dd52d2d9f2ff2ec7e7bd1433a,SOL,2026-06-23T12:11:01.900663+00:00,0,0.185,0.4602853109,0.3637249313
3,train,0x5e2774ee02ae824e6540e1ed8b8763072ddef48e61e870f0633386de66d15fb4,BTC,2026-06-23T12:16:01.894099+00:00,1,0.645,0.8821786962,0.8559606112
4,train,0xa58dc7d47327fd6026af433fb0244698b0cadb4e5a48c0a9b5f3c0b6827033cb,ETH,2026-06-23T12:16:01.894099+00:00,1,0.63,0.8077555842,0.7865214272
5,train,0x10b94fc16e760e9861168bfa5c164715dc694173a5fdfb9586e93161a4972310,SOL,2026-06-23T12:16:01.894099+00:00,1,0.53,0.5622179066,0.5203756132
6,train,0x6f8a746079072f41dd84ed2577fd948b98e2cd12d13f82e5f72657e2028cfc0b,BTC,2026-06-23T12:21:01.898138+00:00,0,0.37,0.6223833868,0.5456535598
7,train,0xa7710ff32db9d6fbb8bc019b45bd13617b80d468d23a4c0e59e9f5bc1146eefa,ETH,2026-06-23T12:21:01.898138+00:00,0,0.285,0.5243599023,0.4456406565
8,train,0x99510e817d4c96ff676c7c7ba8a244dbf522bf7e5724c76b35c045058a8526b9,SOL,2026-06-23T12:21:01.898138+00:00,0,0.245,0.0537114952,0.0346089316
9,train,0xb250787b44f31fc05021ae28d88293c5c0dd9d36a10a81679aec6d0bbf4971d2,BTC,2026-06-23T12:26:01.898258+00:00,1,0.315,0.4839195389,0.4253551203
10,train,0x0788eebd38e4f00a48f1c36dd5c7726384b355da598d20696de6aa23b84a1aad,ETH,2026-06-23T12:26:01.898258+00:00,1,0.285,0.4931550245,0.417074695
11,train,0x08fe30d5c954ada626d77ab55b26f340bb66ce49c2187b5fd51357aa18934651,SOL,2026-06-23T12:26:01.898258+00:00,1,0.495,0.6947617298,0.658627783
12,train,0x3e3c5b4e9aad3db7ad6e9df8a4935bcf974e5a9521f4e26d591017460a526084,BTC,2026-06-23T12:31:01.906650+00:00,0,0.865,0.7928948105,0.7741822794
13,train,0x0b1577d1d5900112d6fa2f51a1489c6954c9030dc316a67f59c28f9bdc50478c,ETH,2026-06-23T12:31:01.906650+00:00,0,0.815,0.6935003382,0.6857574916
14,train,0xc343baf5a3c07eed88ed83884d909c1d89e3a4e48a2faa1fcb8c2dd0e3160d80,SOL,2026-06-23T12:31:01.906650+00:00,0,0.845,0.6757363089,0.6833215842
15,train,0x4844e81275247e30c313416b98b69e3d4f32d6e69c07edd066a7f9b77376346a,BTC,2026-06-23T12:36:01.894243+00:00,0,0.755,0.6634293253,0.6536658323
16,train,0x34f388ea2caf2ef34e04aa72b3bdcbaa361e7c7c83e470a2275b92b6cdad2850,ETH,2026-06-23T12:36:01.894243+00:00,1,0.845,0.8017811449,0.7953787515
17,train,0xae43ffcf998c518115309c5630c17b537ec93ac78085175665df09baab0a9b5d,SOL,2026-06-23T12:36:01.894243+00:00,1,0.755,0.6106441,0.6327569137
18,train,0x15cf859fb4b14945c272550356555a4cac11dc5ad478aaa67ee1e7ecc03291e4,BTC,2026-06-23T12:41:01.900947+00:00,1,0.485,0.6070188757,0.5547783817
19,train,0x38c40a6c96525304db478a913068c33fc6f31bdfda1da96e3f5d3980afb5c18a,ETH,2026-06-23T12:41:01.900947+00:00,1,0.465,0.552596274,0.4977577238
20,train,0xaf3940c3649b4c89eef41e58ce8866c94b7ee1259a9abed62d3efe93942c1076,SOL,2026-06-23T12:41:01.900947+00:00,0,0.495,0.6452499966,0.5927250111
21,train,0xc128c8d97c7bea7629ec90c804eb83e6272fc62d486a386b9745b0145ec90c2b,BTC,2026-06-23T12:46:01.895446+00:00,0,0.335,0.5372049122,0.4798562109
22,train,0x8b41f43723ed2376613e6cb25752aa4b4d5e9bdb3889582ba5ba852357abbb7d,ETH,2026-06-23T12:46:01.895446+00:00,0,0.335,0.2857186828,0.2385497741
23,train,0xecd018b95fc8eb0027d26d356a24d1acbe9a0dec52bd69916a6f3f224cffab99,SOL,2026-06-23T12:46:01.895446+00:00,0,0.215,0.35839477,0.2921631427
24,train,0xed0cd82d0214b7604c2d30e0647762eee75b44dbf04328295e99a14c6e872803,BTC,2026-06-23T12:51:01.893383+00:00,0,0.435,0.6622435441,0.6056795338
25,train,0x80fa400f1c512f05cf89f0b83cf25f099d35719621804264d78c3a62ac178851,ETH,2026-06-23T12:51:01.893383+00:00,0,0.315,0.2302151939,0.2767332678
26,train,0x26272b4c30ca982be268224230c94753b3bcba571b9cc46aa4744b44948e1abf,SOL,2026-06-23T12:51:01.893383+00:00,0,0.335,0.4033191759,0.3883165236
27,train,0x80f22aab7a2a4573c5d3ed5b99b508f529015865d1874d0cb6da8eb66f1a5bf9,BTC,2026-06-23T12:56:01.903361+00:00,0,0.615,0.5866310591,0.5747398483
28,train,0x73b42a0c225c5bbb5c2aff5dd948437e2f5a7a84842dd54977e0f82fd802ce32,ETH,2026-06-23T12:56:01.903361+00:00,0,0.655,0.5870911063,0.5798077552
29,train,0x15a852526dd1af8d62e66b9376aac4181687555c1f0228c12e65af0f5c9aa5ac,SOL,2026-06-23T12:56:01.903361+00:00,1,0.695,0.6077277326,0.5987129644
30,train,0x4becaa14ccbce45710a41da5e9bc5ddd9b8e927cef7cfb593a22c9b4a2262bdd,BTC,2026-06-23T13:01:01.897168+00:00,0,0.49,0.3041766891,0.2824620749
31,train,0x3790f0a59b1eea6a42781c9e54e2273a7cbd079a8082c3be950d8601f49961ed,ETH,2026-06-23T13:01:01.897168+00:00,0,0.505,0.2882122539,0.2529716976
32,train,0x8a7f53ee1409e47189a78153af906e050ef7462241f1c09bd35b633acd3bc92b,SOL,2026-06-23T13:01:01.897168+00:00,0,0.505,0.5343523706,0.4934640045
33,train,0x4fd4d7c3671685999a85ca0fa181489a2844d1b36fe6720b4e11a23e233de906,BTC,2026-06-23T13:06:01.895071+00:00,0,0.505,0.4634338987,0.4188677465
34,train,0x8282d1f4fe782f70636a23d91fa731bd69ccd669b46a2a0d7b2586a2257035ac,ETH,2026-06-23T13:06:01.895071+00:00,0,0.47,0.4725676898,0.4227695109
35,train,0x727978f32b3cfb4b23904e9fbb7a25c7e81b96f62ed64bac9e08b956b129a6b7,SOL,2026-06-23T13:06:01.895071+00:00,0,0.385,0.4650229101,0.4060847879
36,train,0xc43e8b45ee194f94939dff4b5dca2074780f9f8edbbbd6b9f56c1ca1a10c475f,BTC,2026-06-23T13:11:01.908071+00:00,1,0.415,0.4918910592,0.4499853306
37,train,0xa181c96b1b50604725ce89ee53652d74ab1207fc0ddc1f5dab50a81e090cd265,ETH,2026-06-23T13:11:01.908071+00:00,1,0.525,0.600272123,0.561314627
38,train,0x5bc7efe5fd83a4cc2acda5eb941741ded2f2bc13480edb30a9094a4ffc6760e5,SOL,2026-06-23T13:11:01.908071+00:00,1,0.645,0.7250693905,0.7090018241
39,train,0xc9e57eb0e939fed057ea01035ac97a6be57774d9d8000d1fea2e0166e46578ca,BTC,2026-06-23T13:16:01.905359+00:00,0,0.355,0.6172058699,0.5382165198
40,train,0xe4c84ba9f301580cb243e31bdb6a9548a531e9868f6adefae21d0ca3ecec2a62,ETH,2026-06-23T13:16:01.905359+00:00,0,0.265,0.4992611226,0.4216920092
41,train,0xff7aeaf4f00f0dd9ecaa445636983f87607e0e1593e3696dbf1dfdde2baeda13,SOL,2026-06-23T13:16:01.905359+00:00,0,0.285,0.5206738574,0.4384285374
42,train,0x37c039e975653ef2bafc2648afb23f156e134dea3391a9a5ba881ade74c10240,BTC,2026-06-23T13:21:01.893662+00:00,0,0.675,0.7763737671,0.7388088584
43,train,0xcbdbfbebfc74deaced00d7a59d5581d1c0e6f722d975ac3151d66befbe024deb,ETH,2026-06-23T13:21:01.893662+00:00,0,0.625,0.6068573455,0.5878958257
44,train,0x2d16687a3f795d239477aa6eb15a4d61ada629bae0156c2ca521695551cc4ceb,SOL,2026-06-23T13:21:01.893662+00:00,0,0.57,0.5121525123,0.4892855512
45,train,0x4f3194d5355ace143a5107746a0f6f3a8793899d758c54113e8a34810156942e,BTC,2026-06-23T13:26:01.903452+00:00,0,0.155,0.3588821481,0.3201615387
46,train,0x38491c6bc5cbaf842f2c6ce0d24f46423b66a3f2f942afb4cf9839b4ab446cec,ETH,2026-06-23T13:26:01.903452+00:00,0,0.215,0.4991781333,0.4356689131
47,train,0x9733b42d1fb76098059e7c11035a934014328e6843926418cd749e9d4c930fc6,SOL,2026-06-23T13:26:01.903452+00:00,1,0.515,0.8847878263,0.8534470067
48,train,0xe163d62d0ecaaf665cea54c481d8d253a18655fefedcb5875504dabf87ce86bb,BTC,2026-06-23T13:31:01.897296+00:00,1,0.39,0.6163308774,0.542016708
49,train,0xf7283f103a574fb192a1e9dee5a2febf1cb3063b8a1740173fa0a2a300897142,ETH,2026-06-23T13:31:01.897296+00:00,1,0.325,0.4517381729,0.4052312422
50,train,0x49b6981d3dcc0ab40b6b605ecf4272fed0e07afbc4485e1e174d4c4156bd9933,SOL,2026-06-23T13:31:01.897296+00:00,1,0.265,0.4239417014,0.3688057226
51,train,0x88dbe7f8d0445d72614b6ad7da6b35ceb2cb32fb98b52d78c84eacf420ee1f09,BTC,2026-06-23T13:36:01.892572+00:00,1,0.605,0.5791618784,0.5519324534
52,train,0xd68e42d84a189dae829a6ea4842f2da8c132141897e3f6c1cbb9806b63d5d6a6,ETH,2026-06-23T13:36:01.892572+00:00,0,0.465,0.4280066705,0.4095331096
53,train,0x8b1c020137d752d5f82956a627a99fe8d6435a5deff06dbdac7ebc9b70de8d5e,SOL,2026-06-23T13:36:01.892572+00:00,0,0.57,0.5092856641,0.5094928462
54,train,0x3b31bbdfe744e6d8dd6c29da539e26cdfa55e699565be496a9ed2c2d3345266b,BTC,2026-06-23T13:41:01.892228+00:00,1,0.445,0.4399227186,0.4115587073
55,train,0x70d3ee6e7ab83f5ac975b42d3847eef151b0f13496901a5f3759b0967be1789a,ETH,2026-06-23T13:41:01.892228+00:00,1,0.465,0.6024158181,0.5307975528
56,train,0x97f5cfd13442b025c62c1138ebc86dabde8d73ef9b8c2b4f0900727b23e3d78e,SOL,2026-06-23T13:41:01.892228+00:00,0,0.495,0.5086210888,0.4903690589
57,train,0xb4eacf7c806d5bb36b89f6c716ba7bb71bc0ab90e226c7589aeac5eec0d4160b,BTC,2026-06-23T13:46:01.895909+00:00,0,0.275,0.402521925,0.3589360795
58,train,0x842fc6a521c178540e1304f49a44b481dfd0f2967e64ecc7d6c399ac5566011c,ETH,2026-06-23T13:46:01.895909+00:00,0,0.305,0.454050907,0.3864604699
59,train,0x263de59a86fa4266a26931b6a723d1d8521d1385b5c3ba159b5229b1a9177f21,SOL,2026-06-23T13:46:01.895909+00:00,1,0.265,0.502494296,0.4046024518
60,train,0xf05b54a456f086f0f7ef0ad9d9d108baa9b170ae62a2b1147953a2b47065e7c2,BTC,2026-06-23T13:51:01.897808+00:00,1,0.665,0.7141830727,0.682756719
61,train,0xc91319e8368ec648a91d4628431c9472faaba408f67d1671cc802cebd7b85bed,ETH,2026-06-23T13:51:01.897808+00:00,1,0.765,0.7585322533,0.7283647436
62,train,0x4e7a7e19b863cb5ab1c9b8bf8b83aecf6ea511bf32433c68d6eb039a68dc2a90,SOL,2026-06-23T13:51:01.897808+00:00,1,0.675,0.6428902706,0.6314135206
63,train,0x83d6ab48576b0528fdbad1fe7723b479b8174792a30c6942a6e1e03389784b08,BTC,2026-06-23T13:56:01.900528+00:00,1,0.275,0.3519678021,0.3001235979
64,train,0x592c00187c88c06ce589b03765739bccd88d0e412caba5f25ecfc944ce7d6c58,ETH,2026-06-23T13:56:01.900528+00:00,1,0.295,0.4401822654,0.3800399492
65,train,0xa93f974de8cbf3e06c0f61563fc28b6227260fd13260bb6aa3711af549271a76,SOL,2026-06-23T13:56:01.900528+00:00,1,0.28,0.447938682,0.3606434325
66,train,0x7e6fcdd5ed944c43e039d191b0d902b3bd2079a9264465cd4efa372206718c43,BTC,2026-06-23T14:01:01.901772+00:00,1,0.585,0.5944413433,0.5557124579
67,train,0xe397f03f9117ca8f23be992bb73ff8543e774c843bd35be5ac25c5164dfbcef6,ETH,2026-06-23T14:01:01.901772+00:00,1,0.565,0.6155154761,0.5728300083
68,train,0x54e1a0031c62b35f46daaef9f8bb6a1d5705a9bd9b024281bf533ce3a5e76bd9,SOL,2026-06-23T14:01:01.901772+00:00,1,0.665,0.6434110703,0.6594744502
69,train,0x43fdcc9656ecfdcacdec4c0eb90f3c176c233ca0dbc7af7131934f51b24ec1f4,BTC,2026-06-23T14:06:01.899643+00:00,1,0.155,0.4034901318,0.3489235396
70,train,0xf34cb247f901d0ffa710bcba8674ef83d1ee7518016b268b34f54d641f1a48b7,ETH,2026-06-23T14:06:01.899643+00:00,0,0.105,0.299948725,0.2439992465
71,train,0xc990792df42182f722949a266d834f4e848923ec24814a019bc552d3b415ff4f,SOL,2026-06-23T14:06:01.899643+00:00,1,0.145,0.3659692737,0.3046539982
72,train,0xf4f49639a383f1abeee1bb37a098bff9e49ba624ee52e50b6f367e21b735c5f7,BTC,2026-06-23T14:11:01.893492+00:00,1,0.415,0.4566670106,0.416754552
73,train,0xf2246e8bc38fb6a55bbd8545d275cc272840a8bda562e5809e9bc8e52797a47a,ETH,2026-06-23T14:11:01.893492+00:00,1,0.425,0.4280949568,0.3535878319
74,train,0x0a32d05b3ee387390f042d23c86f4b659df43372ef59e60e043be38d41561eb2,SOL,2026-06-23T14:11:01.893492+00:00,1,0.355,0.3912228129,0.3338142848
75,train,0xef16fc8b2b2338e6f703f4036d1bccf15742345781881fb477079de0a8060f4d,BTC,2026-06-23T14:16:01.897121+00:00,1,0.465,0.4427900378,0.386668354
76,train,0x70afc5ab1931caa532b7a54d6e62bf5c23929ab3aefa982fe6f5c25d95c716f0,ETH,2026-06-23T14:16:01.897121+00:00,1,0.335,0.4522651547,0.3655260469
77,train,0xb88a905c78dbb78ccae742ce3fcdbf194c17f685b30d78d03128d55eb5442d66,SOL,2026-06-23T14:16:01.897121+00:00,1,0.36,0.4914762032,0.3966053923
78,train,0xe785f20853c4f7d310176fcdb9dadfdf5ede0bd9bdb8c4404a310a9ecae6c876,BTC,2026-06-23T14:21:01.905291+00:00,0,0.335,0.3835606339,0.3524741135
79,train,0x705232bddb6b78781b265e25e3a9c13086ae2efebcf9a9b1b837c6db9ccd15e0,ETH,2026-06-23T14:21:01.905291+00:00,0,0.325,0.4488728317,0.3818624798
80,train,0x456aac20ee93fa9ebc9e8dc3367bd4ea281d62318f8eb63fea5c0f1aa44525ee,SOL,2026-06-23T14:21:01.905291+00:00,0,0.415,0.5648489105,0.4714489036
81,train,0xa5ec5a433ba80f49f6736549b49db48bd8cad96e32c083c5bca430faa1281e52,BTC,2026-06-23T14:26:01.898844+00:00,0,0.185,0.2839868551,0.2547429064
82,train,0x2cf5abb89aeac58f326dc59e7e56e2809d9a19c3cda6aa7583daec3bf28c69d8,ETH,2026-06-23T14:26:01.898844+00:00,1,0.245,0.4486559296,0.3808982242
83,train,0x8745035c936db62e58a8fe8d2cc737689ce85b84d9b91959417caa1142791994,SOL,2026-06-23T14:26:01.898844+00:00,1,0.235,0.4951545227,0.3991735224
84,train,0x6c1e5e299c9af350fbd30a62d14fce4842eb6ad6068561b32cfc2ae0bea9b171,BTC,2026-06-23T14:31:01.903228+00:00,1,0.645,0.5770296253,0.5633061138
85,train,0xca9e27fc7fd9d47008baa87543ea26150367fb43f8d0778fb3232f897e49a31b,ETH,2026-06-23T14:31:01.903228+00:00,1,0.675,0.686855253,0.6441058927
86,train,0x22879c97e18fffc7a75629762d84fb31f4cb45fb26a1a2c716c6bcea686ac0e2,SOL,2026-06-23T14:31:01.903228+00:00,0,0.625,0.5141737753,0.5112972951
87,train,0xd330c2097759830858dfcc98392dd560a9ed6073c480055cf67b47e638a43d81,BTC,2026-06-23T14:36:01.893952+00:00,0,0.495,0.6566332802,0.6009148471
88,train,0x7e631284762b9f531b55a3452c474f8a593524c56c33084b21bc0b8361cdf4ec,ETH,2026-06-23T14:36:01.893952+00:00,1,0.6,0.6812886073,0.6480199869
89,train,0xe901987bf33c4aecfb97d97b07ea58f8cf1ca469727312c56659bc81fee44fef,SOL,2026-06-23T14:36:01.893952+00:00,1,0.66,0.6650663356,0.6587420834
90,train,0x642224a52fade6557a6247bab8c52239c420862bc36bc3ee416c738c57195a1d,BTC,2026-06-23T14:41:01.894329+00:00,0,0.365,0.5484537837,0.4859333336
91,train,0xb4d5a648cd2fec0f8e9664a8c526474c9831365c378b0d70267aeb0fe653940f,ETH,2026-06-23T14:41:01.894329+00:00,0,0.325,0.3776092094,0.3162807654
92,train,0x1b0ca5a523840544649e5361d143648cc68f3edbd7c371b10f03612d35f76363,SOL,2026-06-23T14:41:01.894329+00:00,0,0.455,0.5387111033,0.4542245469
93,train,0x27be06ec8002def53f202462228b63f7f1be2c0d606cdc02372583d42ed0887c,BTC,2026-06-23T14:46:01.901741+00:00,1,0.545,0.4766961548,0.4618235536
94,train,0xfd9746271a9908d5dd04d0f78c3e7c9def0518a9a4a4943500ffba66bc27dc76,ETH,2026-06-23T14:46:01.901741+00:00,1,0.515,0.3669338052,0.3694324682
95,train,0x795557854cdf1bc8ba77c6fdf17888afde7aed14814e5e5b0c692989fed80560,SOL,2026-06-23T14:46:01.901741+00:00,1,0.535,0.4395135483,0.4403594452
96,train,0x63e14eeb67286e35758b52a2c5d53fc557c30836f9bf57a1cead70ab3e3e7d09,BTC,2026-06-23T14:51:01.897063+00:00,0,0.555,0.6552165144,0.6018111368
97,train,0x432b92706185086c282c01b2ad7e3ade54b6e1b584c617fe575f6e02d5ae5234,ETH,2026-06-23T14:51:01.897063+00:00,0,0.655,0.7836579002,0.7416731837
98,train,0x79fa88852d2df9f89c7ffe1e19e80856d2864adb8167da187fef1bd49a76815b,SOL,2026-06-23T14:51:01.897063+00:00,0,0.52,0.4057621313,0.4057126717
99,train,0x1929fa4e32594b1e9811cb2199fbe6016e169c13190221429a2a274622d6b572,BTC,2026-06-23T14:56:01.907222+00:00,0,0.355,0.4310826344,0.3760161407
100,train,0x9d1479d0f4d1253c6d0f45f1287df6a0c335a408a1632b88ece0f867c4d6e6e4,ETH,2026-06-23T14:56:01.907222+00:00,0,0.365,0.4722072058,0.4035017517
101,train,0x2ff8516f19be15290d302be6eb4eb6f68fc8cd1cec67753590101df72b164150,SOL,2026-06-23T14:56:01.907222+00:00,0,0.415,0.6212781737,0.5273892839
102,train,0x87fe2cd708a824cd75b58c2f834521821e01308aefa0f385e624120047a327b8,BTC,2026-06-23T15:01:01.894758+00:00,0,0.295,0.4850341904,0.4165646674
103,train,0x202a0022afa333dd322504280b681366c294d098fc9d764ca399e13882e74340,ETH,2026-06-23T15:01:01.894758+00:00,0,0.355,0.3098093368,0.2604468313
104,train,0x5d596992ee14c701506ece9f95cfca95bcd846aa535ea21eab961b466b2e20ca,SOL,2026-06-23T15:01:01.894758+00:00,0,0.24,0.4179431645,0.3429204579
105,train,0xc1de7b927002913c10f0a89bb7ec6433bb1a6f5f33f9d3095c1367b5aa43ff2d,BTC,2026-06-23T15:06:01.899471+00:00,0,0.375,0.4949976628,0.4371564946
106,train,0xbd7ae5dc971c10bb7d3ac259a94a06c9ce4859a06d6b9d0d18f44f7aae372a6e,ETH,2026-06-23T15:06:01.899471+00:00,0,0.315,0.4336606331,0.3695346966
107,train,0x06379d382b467cba648ffa2608b11ff86317230e68c9b238862cb17ae6328fad,SOL,2026-06-23T15:06:01.899471+00:00,0,0.335,0.5772399184,0.4715988602
108,train,0x9a0e222ff0af3b4ffe137ba4572a85b096eee1f33ea85890f9ff16c83a02bc92,BTC,2026-06-23T15:11:01.893050+00:00,1,0.565,0.7764251483,0.7253384267
109,train,0xb11022665bec0699e3b34dc14eb316eb41675f24324973f04a4721fe724fbfb4,ETH,2026-06-23T15:11:01.893050+00:00,0,0.445,0.6050510551,0.5318573698
110,train,0xc29b24bcfccc189932f81753de2c955066cbef33e7b44de7c38624f35388f58f,SOL,2026-06-23T15:11:01.893050+00:00,1,0.535,0.7295253552,0.6645142237
111,train,0x142fa1a5a2040d4bb0f82d42692bcc0738098cf5f3a65fb15520b4139e3e1704,BTC,2026-06-23T15:16:01.894316+00:00,0,0.335,0.5132723166,0.4479565524
112,train,0x0c85eeabc1b170e5b4a980c36b25e1875f01f425d0fed6d95f3550e6067f7aec,ETH,2026-06-23T15:16:01.894316+00:00,0,0.395,0.5869043036,0.5190906349
113,train,0x67ca906590f20d0757afbdd8a9da7b08d5114d27948661eac32da3514f1c0687,SOL,2026-06-23T15:16:01.894316+00:00,0,0.295,0.4647450076,0.3904336599
114,train,0x34201f076e72e392a3c07e69dedbdb629f3f3cd18cb8be91417cc0baf19a80ad,BTC,2026-06-23T15:21:01.907972+00:00,0,0.655,0.6881129124,0.653634531
115,train,0x7f7f0c6ac70aeb25657e59122ec1737300133c6f99ddb8a5facb738a5e33d207,ETH,2026-06-23T15:21:01.907972+00:00,0,0.645,0.6587772959,0.6394353529
116,train,0xa2715db542f70056fd15a4da82bb1c4f8a9ae2c855fdf3daba0c026ab46e52a0,SOL,2026-06-23T15:21:01.907972+00:00,0,0.485,0.5735062765,0.5033988531
117,train,0x9cc9bc6571bf90764d07b66e489e1ec356c81695ace8be7e10c52f199c8dfdbc,BTC,2026-06-23T15:26:01.897072+00:00,1,0.415,0.5450521073,0.4854517621
118,train,0x14aefc40389570bc82a2d62015391db0b7ffdeda8c460b4daa821e1d660e8055,ETH,2026-06-23T15:26:01.897072+00:00,1,0.465,0.5753167955,0.5090401233
119,train,0x7c3fdc3e185ae7820eba61abc89ec62fb5449b06b4b403227e71947ae32b8035,SOL,2026-06-23T15:26:01.897072+00:00,0,0.525,0.7063704407,0.6443000838
120,train,0xe2dcccbe2f6897e3c6013eec17c3f087021ed3d5b462924935d794c9a0659b66,BTC,2026-06-23T15:31:01.902106+00:00,1,0.915,0.8490121306,0.810902284
121,train,0x119f9394b5c432b7174543ee8e670af2f56900cc1feaa81548921ff3f1a2c3c3,ETH,2026-06-23T15:31:01.902106+00:00,1,0.895,0.8369881775,0.7843449233
122,train,0x56ab07163dce252412060eb46f1eb2ce6df056247a6219b4a48095782d3af453,SOL,2026-06-23T15:31:01.902106+00:00,1,0.915,0.7551170539,0.7490767678
123,train,0x81b974cba6d9421a3738bbc02f633a775b74f8577343415b65b84c57b003d298,BTC,2026-06-23T15:36:01.900038+00:00,0,0.535,0.4664608937,0.4476403711
124,train,0xf8693b383072f26ce2cb041a2a398ca3a77ca37ae53402cd84a9237b53f7af75,ETH,2026-06-23T15:36:01.900038+00:00,0,0.465,0.3260426072,0.3367684821
125,train,0xbaded6b3d3f99d210d9cb61561b099abf8520e40324a749fc030345e9a9088ca,SOL,2026-06-23T15:36:01.900038+00:00,0,0.575,0.5029706851,0.5060563906
126,train,0xe4af3f4f6007db4645018b51c06b311ca3e2a41aff6d776419dcc31b1a7ef539,BTC,2026-06-23T15:41:01.900777+00:00,0,0.365,0.5796707907,0.484287569
127,train,0x710db15d88e1a46834d45aecaec169127f168298fc8ccd5a63526fd64185c61e,ETH,2026-06-23T15:41:01.900777+00:00,0,0.425,0.6223266034,0.5431039349
128,train,0xf0344eac75213988ca8a68d6bc89ff11b96fdf903cde289745bf0a4ead2b24e7,SOL,2026-06-23T15:41:01.900777+00:00,0,0.475,0.6782103019,0.5978535451
129,train,0x7da3576042b0dda6a5a68148b8df8a461115a15d14dc0f4e3cd0d86ab5d81fc9,BTC,2026-06-23T15:46:01.904586+00:00,0,0.525,0.6965409027,0.6528375489
130,train,0x54c82d794b3f84b590f3446d80bd6fcc03aa73688231863ff8e906ef31cb015f,ETH,2026-06-23T15:46:01.904586+00:00,0,0.375,0.5111071476,0.4522913708
131,train,0x4124c9378f5786e75091f2017702bea4ac5118267a0bf7045f45392439c9905a,SOL,2026-06-23T15:46:01.904586+00:00,0,0.355,0.5033469247,0.4313677455
132,train,0x8a311fdfc58c5b1b57ba3aa00852e0ed22ced4f6155bfc595e6568d13d6a1f42,BTC,2026-06-23T15:51:01.907590+00:00,1,0.595,0.6955222793,0.6644930011
133,train,0xecad034dda933720e174576b386801cacbd5a5ee06ff30be6af9095d6fd5e367,ETH,2026-06-23T15:51:01.907590+00:00,1,0.625,0.7261925799,0.6966748127
134,train,0x55e57faefeda4e530373cff771bc2512114ad7173b05c71348be00478517ef84,SOL,2026-06-23T15:51:01.907590+00:00,1,0.425,0.5471798079,0.4791209372
135,train,0x2b2691f3b5961e282a14d4469cda5565cea421fc3bb67ed90e30c3fbd69ae472,BTC,2026-06-23T15:56:01.899145+00:00,1,0.635,0.7870390969,0.7600048815
136,train,0xf2ca396a5303c4c131ab45bf55024327922416e21ef6126ec88755d7e1e1f92f,ETH,2026-06-23T15:56:01.899145+00:00,1,0.695,0.7557115009,0.7416731496
137,train,0xb240e9ea38a7e5b15f9a6e6e43faae560cc3a0fb77bf817451577bdc51705fbf,SOL,2026-06-23T15:56:01.899145+00:00,1,0.515,0.5470969084,0.5143796239
138,train,0xc6f223a5f8665707c2559934577e46186cea6dbdf5f1071f043016b445d9e370,BTC,2026-06-23T16:01:01.893227+00:00,0,0.625,0.5184705072,0.4978537805
139,train,0x34abe632633aa1cb052238f58a38e6ebd4c7999f527334945304872b52df7fe4,ETH,2026-06-23T16:01:01.893227+00:00,0,0.655,0.6574739654,0.6321769688
140,train,0x0bef20c3bb8175da33c11421b48301f5b9edaf9e06bd2f979ffb90d107a47081,SOL,2026-06-23T16:01:01.893227+00:00,0,0.61,0.477983143,0.4796213602
141,train,0xb4127e7cdcdf912156cf56a135a197686a68f13b32de7447bd5dae0dcc39bc6d,BTC,2026-06-23T16:06:01.899009+00:00,1,0.895,0.8495393788,0.8163332924
142,train,0x016afa4db507eb821094d1425e21999fbf56a062f657307d60f34b3902e2c4f4,ETH,2026-06-23T16:06:01.899009+00:00,1,0.865,0.7725701758,0.7415415253
143,train,0xa398a6270563f9326bfcb613cff69cea7e845a18f1a2af98ebe7d848b6c80361,SOL,2026-06-23T16:06:01.899009+00:00,1,0.835,0.6924152068,0.6846620137
144,train,0x583a18b9a85d05bc551afebb6a1b677ae62b105d1e6cc078311c1a762cd40952,BTC,2026-06-23T16:11:01.906595+00:00,1,0.725,0.685500628,0.6613043408
145,train,0x8919167061275ca1b06ffebbb53edec15cfe0ccac4d84d090c3180902074a5c9,ETH,2026-06-23T16:11:01.906595+00:00,0,0.735,0.7246559814,0.6797183337
146,train,0xc0129694e84a02cf4af39323b9c6d51de7367f132d5479745615e89204c7b0ba,SOL,2026-06-23T16:11:01.906595+00:00,0,0.715,0.5900060641,0.5922495726
147,train,0xcff43f3726b4da4c9e0f28a08e20720a105fa75296344d5b407e57e35ad51adf,BTC,2026-06-23T16:16:01.902596+00:00,0,0.235,0.3534033248,0.3096888494
148,train,0x93dbf3b70dc54f036c086b49ac2d8ca5a59005ee52f37a69016c9afe5cc49133,ETH,2026-06-23T16:16:01.902596+00:00,0,0.205,0.2103697719,0.1763552209
149,evaluation,0xf9e9a71f80e6cb2fa4113ab3f2e37380b68c1d1fb67266259d2576c4ffe6e4e5,SOL,2026-06-23T16:16:01.902596+00:00,0,0.25,0.4099332533,0.3221199686
150,evaluation,0xb0ec095438b5a964637967ec9f0eacc0e408af3c2cf4ec64018984c68043b3a2,BTC,2026-06-23T16:21:01.906929+00:00,0,0.275,0.4370195363,0.3711505003
151,evaluation,0xafc481b93094f34d9be307c923d3ceb10a82885124e093de8f9aae0c3ee49f3b,ETH,2026-06-23T16:21:01.906929+00:00,0,0.255,0.3723871669,0.321980014
152,evaluation,0xab63b2fc797336ce4bc8bc6bbd22025c4085f3b0b34ab0b59c8746d927ea7859,SOL,2026-06-23T16:21:01.906929+00:00,0,0.265,0.4278735047,0.3554536683
153,evaluation,0x2836965e55f9be92c72d26d693e444caef8c559ea84ce95a223ff84060e56c5d,BTC,2026-06-23T16:26:01.897038+00:00,0,0.505,0.4820588183,0.4449774457
154,evaluation,0x075c30f7a20d831390015a1e9bb78f7af3e9955c4989ad0d711458229aacd182,ETH,2026-06-23T16:26:01.897038+00:00,1,0.525,0.4725014408,0.4493229194
155,evaluation,0x133b4173a838b63c7d4e0189c986cb1ae7194462836032194da725d861100097,SOL,2026-06-23T16:26:01.897038+00:00,0,0.455,0.473831758,0.3996395217
156,evaluation,0x6b47662fdca7990bc6219d41555f290544fc11ad6f2f3783add8cb09c8899a85,BTC,2026-06-23T16:31:01.899122+00:00,1,0.495,0.59918522,0.5701133142
157,evaluation,0xc453bb86355b67f71cceac7ce0f68cca264043532145c6071daa7acaa9f1cfc8,ETH,2026-06-23T16:31:01.899122+00:00,0,0.395,0.5721270618,0.4983952402
158,evaluation,0xb7d39a91c0fbb72f098eac4bbb0242a966555bbbbcf5600d248dbc0089ac4ddb,SOL,2026-06-23T16:31:01.899122+00:00,1,0.475,0.2383019961,0.2212517915
159,evaluation,0x4b6e8d2dd502f197e3b8ffc79d8e385d22173359f0faab93a82f29191f9bacea,BTC,2026-06-23T16:36:01.903827+00:00,0,0.365,0.4212730802,0.3731186857
160,evaluation,0xa4538a2b72666da4112c1a8a69a6eeb7b1dabdbb03824389fffc2c58fb7bd378,ETH,2026-06-23T16:36:01.903827+00:00,0,0.385,0.4470936129,0.3892535359
161,evaluation,0xcaa0dd40336c8722033ba5c2267ba273e90b60e1ef30529bcc81bf56c7ab5c1b,SOL,2026-06-23T16:36:01.903827+00:00,0,0.405,0.5555415168,0.4674071291
162,evaluation,0x78e9550ddc72a00fab7bb51fe507c2c13d55ee310e935bcae9dbe8e1aa3209dc,BTC,2026-06-23T16:41:01.895532+00:00,1,0.655,0.5973458047,0.580079605
163,evaluation,0x18a7d970f22bb0054008582f530653317bdc49d3bfd0afebffc850a73730e937,ETH,2026-06-23T16:41:01.895532+00:00,1,0.655,0.5858587892,0.5781635428
164,evaluation,0x9341cb512a33776b76ebdeb91b280913cd4b577996ab32fe6e80fbf72aedb9e8,SOL,2026-06-23T16:41:01.895532+00:00,0,0.695,0.6263825817,0.6018499891
165,evaluation,0x7480a04415c147529f30b33ab4465ecbee89e3d7756fa0f42e4d69510e37c82a,BTC,2026-06-23T16:46:01.899671+00:00,0,0.485,0.538014676,0.5081304672
166,evaluation,0x6a0d5c73649aada06ddc7f04f1011a6f97530e17cb3e62e5e684d7a6e0683ca1,ETH,2026-06-23T16:46:01.899671+00:00,0,0.485,0.5712317209,0.5148358924
167,evaluation,0x8d2d4b7a022ba32e0f97f812e35101e10eb9af5df0863bfee04dd4ab94f137a4,SOL,2026-06-23T16:46:01.899671+00:00,0,0.565,0.5457704954,0.5360296885
168,evaluation,0xa4710f2bc47af4d2853c0a6bb90c9a7044e9239f765fd99426e3443e6fe23e1d,BTC,2026-06-23T16:51:01.902435+00:00,0,0.19,0.1856874767,0.1778537339
169,evaluation,0x9b7da9ec76b815a1966b7c815b1205404987eafc72813d205fc8c4ab9b1a92dc,ETH,2026-06-23T16:51:01.902435+00:00,0,0.195,0.2788786427,0.253825423
170,evaluation,0x27b9eca6e9fc28dba335ba267ad7ef396ebb57076398a7ccce49e3715a5c8a0a,SOL,2026-06-23T16:51:01.902435+00:00,0,0.245,0.4145980585,0.3425496156
171,evaluation,0xac4078b9c31144dae10b61e297d0c31765e1f0880a438272d599b52f2d99a164,BTC,2026-06-23T16:56:01.907441+00:00,1,0.465,0.4128089041,0.3787565843
172,evaluation,0xb4f0dd4a40dca0a69392875656f9fd9c8e4a1d6308d601e7c31cf1db58d5b04a,ETH,2026-06-23T16:56:01.907441+00:00,1,0.455,0.4814439511,0.4331532566
173,evaluation,0xea75692b8293cfca2c7464dbaef37ff18adec814392c7e59d57f7ce34ea2ab90,SOL,2026-06-23T16:56:01.907441+00:00,1,0.495,0.4536547004,0.442605071
174,evaluation,0xd02c0f3775ea833a33891f151d8fed72b2028deba44c56afd40dcd282f80b142,BTC,2026-06-23T17:01:01.906409+00:00,0,0.235,0.4920401156,0.4397575472
175,evaluation,0x67d6deb51d518dc45e9e9e28a7797ee6af3267b743807c04d4edb5c28af9fa11,ETH,2026-06-23T17:01:01.906409+00:00,0,0.285,0.5034115173,0.4509707729
176,evaluation,0xb4f08cc4d9e63782c769b66c5c5d401c3cb64eda6cc1590a36603548e50a7256,SOL,2026-06-23T17:01:01.906409+00:00,0,0.185,0.4120785418,0.3363323272
177,evaluation,0xe6f1a2be9f1347dde3706bf034cdf089b7a8a933792b32766722cb013d1c9460,BTC,2026-06-23T17:06:01.907724+00:00,0,0.315,0.380145104,0.3338974904
178,evaluation,0xb2355064663062c0cc787eff9b82cdff2cc02b40f9743c092d5082d3be72fd0e,ETH,2026-06-23T17:06:01.907724+00:00,1,0.315,0.4263427151,0.3720187309
179,evaluation,0x8a0be7aee3a16435d24040a97ef831da0b0e9fdd7df3f9e5955c6bd18da8ff06,SOL,2026-06-23T17:06:01.907724+00:00,0,0.285,0.4200375635,0.3523574224
180,evaluation,0xa2fd0035cb624428fc41bcec98cf51cf2cba4df2eb4d73167a878af82db37011,BTC,2026-06-23T17:11:01.902588+00:00,0,0.755,0.666730842,0.6354728946
181,evaluation,0x0ce0dc0216ceb4a9c6a9069751509088b08ced6642deacafd13966193b0af7de,ETH,2026-06-23T17:11:01.902588+00:00,0,0.655,0.5049708969,0.487769524
182,evaluation,0x3fa837ebc7b7be694e1c82a3e61b9f97f42760a13feb2725f516619caee47f3b,SOL,2026-06-23T17:11:01.902588+00:00,1,0.745,0.6344515471,0.629075783
183,evaluation,0x9e35f30217205790d0d5ab8e287782601fbd93ca3e74d285fe4cb0b420f272a2,BTC,2026-06-23T17:16:01.904636+00:00,1,0.675,0.7452633495,0.7270623323
184,evaluation,0xccf1bb12195dec6f906c6ee7e805d330e57abc0ed4e60ee331690520f846f282,ETH,2026-06-23T17:16:01.904636+00:00,1,0.555,0.5047058227,0.5059037713
185,evaluation,0xb77762e6de62e2d40ac9d5c49de581adc11c4a48d2287a9f6b30c4c5cf06767b,SOL,2026-06-23T17:16:01.904636+00:00,1,0.77,0.7524818908,0.7504143745
186,evaluation,0x055b663118c591881b38a2ccd62e4aca964e02ca83c12418aa8b990f64c1b932,BTC,2026-06-23T17:21:01.903934+00:00,1,0.555,0.5540356318,0.5311865639
187,evaluation,0x93feb53f6de17b807cead70323b0dd1291ac34c67b0f04f0a0a60f82c6c1dcdc,ETH,2026-06-23T17:21:01.903934+00:00,1,0.61,0.6410237107,0.6027935057
188,evaluation,0x699c1ce64eb69d0b2e566c749776c3f920834397a4be4624c6b6913241df4bf0,SOL,2026-06-23T17:21:01.903934+00:00,1,0.555,0.5151670457,0.5037493138
189,evaluation,0x8034f5555d9ea9bd2cfc7c0392f1c4c279bf87934088ba4dba59d1d01b1b9143,BTC,2026-06-23T17:26:01.901528+00:00,1,0.625,0.6669784866,0.6440170167
190,evaluation,0x0bcd218c9a592ad1e51e705526a54fd654b163d4809323574a84ada3df203337,ETH,2026-06-23T17:26:01.901528+00:00,1,0.635,0.6114465144,0.5866374966
191,evaluation,0x7d9d5ac0353d30eb4918daae97cf668f455e0ceb9db9de77796944d01e6812a8,SOL,2026-06-23T17:26:01.901528+00:00,1,0.685,0.54628164,0.5601027217
192,evaluation,0xa792be88b7f8bd54ce3ca253ff1c6336f240a882734603255b9c3da680871451,BTC,2026-06-23T17:31:01.893446+00:00,0,0.215,0.2498963848,0.2222212393
193,evaluation,0x8cdd3b52afa362fe86bfba7cd60b500dac4f429e899396a9e56ddce233757e3a,ETH,2026-06-23T17:31:01.893446+00:00,0,0.255,0.3558549004,0.32140343
194,evaluation,0x93f3b95f65aa6efdb67a2be75230dc8b3ecc9bd3ead605f0986dce5e6fb57729,SOL,2026-06-23T17:31:01.893446+00:00,0,0.265,0.4759106425,0.383075268
195,evaluation,0xf6ea720305f3f583d83ed31ec4201b1aacfcfbd702c2560114e3c21be49b72a7,BTC,2026-06-23T17:36:01.894503+00:00,0,0.755,0.6988710148,0.6856149329
196,evaluation,0x4430f76c68107b72988063bc1de98439a1376a744c0e9ee12c53e09b5603dd56,ETH,2026-06-23T17:36:01.894503+00:00,1,0.815,0.7788333965,0.7429130397
197,evaluation,0x4648357fa23fe1b3a444e3b880c0a2d686c11d04175c4401074911aede17e729,SOL,2026-06-23T17:36:01.894503+00:00,0,0.785,0.6100296257,0.6279512362
198,evaluation,0x839ebdf3ed4db61426ad7c9a579fa4b8d63e0fdcf5964af31c7372c2d642a46e,BTC,2026-06-23T17:41:01.899626+00:00,0,0.355,0.4944932879,0.4328247128
199,evaluation,0x29685164986e053dfd94277806535cae864232e5f7be4d5618b5d820a2231845,ETH,2026-06-23T17:41:01.899626+00:00,0,0.325,0.4404015915,0.3745035491
200,evaluation,0x6a24e3ed49715beaa40c3ecb9a77347f72a8ed593fa4c3999b4a027a39b1b534,SOL,2026-06-23T17:41:01.899626+00:00,0,0.305,0.3933993994,0.3423483897
201,evaluation,0x494e187c2c07b67f6d580e247d105e15cedb0d8a2781c61d7f8f24a224596a69,BTC,2026-06-23T17:46:01.893930+00:00,0,0.625,0.5911336673,0.5639139843
202,evaluation,0x4084025b22ec676c958a3036891b1dad62468eee2f24417abdd11262ccc5976a,ETH,2026-06-23T17:46:01.893930+00:00,0,0.635,0.6114899435,0.5921127058
203,evaluation,0x1048398af2321d93b1f748dd8239013f136d8a22420160a539d05db0703b3083,SOL,2026-06-23T17:46:01.893930+00:00,0,0.665,0.6132339041,0.5941153683
204,evaluation,0xf2e6428f7b8575f29c18516aaa8c9a67395d7650dcdf096a807e5a1209a75ea1,BTC,2026-06-23T17:51:01.899578+00:00,0,0.595,0.6970326377,0.6578811913
205,evaluation,0x2907a4db27a184f9ee8ab28bded5ac7d1dab7a5ddea14d846601cd06d0cd3a9a,ETH,2026-06-23T17:51:01.899578+00:00,0,0.535,0.5109734388,0.4885863744
206,evaluation,0x5b32a779a59c0a932966580f0324089a99f0bf0843707c761a005cc1712bbadf,SOL,2026-06-23T17:51:01.899578+00:00,0,0.535,0.5250480137,0.5078088484
207,evaluation,0x2719d802a64a80f8074dab78a25c907a7b5279e5439e37d6915fb52c66dda52b,BTC,2026-06-23T17:56:01.897257+00:00,0,0.305,0.5672761151,0.4976720388
208,evaluation,0x3581d0a943c4c4e59a308323f84989ff24faf78a381f6c2f7fb4da58c0f3f16f,ETH,2026-06-23T17:56:01.897257+00:00,1,0.585,0.8002739565,0.7655943419
209,evaluation,0x088bee9fa60eb47e95d41b4c0b00a16f01f0d3c73d53db799434a680ba46763f,SOL,2026-06-23T17:56:01.897257+00:00,1,0.405,0.708365511,0.6204856219
210,evaluation,0x5ee152bfd41f4a858b7e279af5fd04edde18dc815a7e49a49dbe6b9137875137,BTC,2026-06-23T18:01:01.900061+00:00,1,0.885,0.9161025611,0.8879285802
211,evaluation,0x99b3ac6548dfb4f5c104d0f10e1ef10a75d45c2211581f6314dd04af7752aeaf,ETH,2026-06-23T18:01:01.900061+00:00,1,0.835,0.8031895862,0.7686763895
212,evaluation,0x07711b04b7666d28d0a7f9cc5534c194e27fe692c34e99c4763a6afedcc8ab03,SOL,2026-06-23T18:01:01.900061+00:00,1,0.845,0.8078160896,0.7911909372
