feature,rows,present,missing,population_pct,mean,std,min,p25,median,p75,max,corr_outcome,abs_corr_outcome,corr_yes_price,abs_corr_yes_price,partial_corr_outcome_after_yes,abs_partial_corr_outcome_after_yes,half_sample_mean_shift_in_std,classification
quote_age_seconds,426,426,0,100.0,2.295439225352113,0.6623131382693952,0.564586,2.037029,2.2492105000000002,2.48174625,10.562635,0.0029220544979088594,0.0029220544979088594,0.051267688957453546,0.051267688957453546,-0.019432991456532933,0.019432991456532933,0.6857451020782741,weak_or_no_incremental_signal
time_since_quote_update_seconds,426,426,0,100.0,0.07975554929577465,0.5842732716140392,0.0,0.0,0.0,0.0,7.990854,-0.05633529918848186,0.05633529918848186,0.023552928508485844,0.023552928508485844,-0.07196953572859778,0.07196953572859778,-0.047904604987954055,weak_or_no_incremental_signal
repricing_velocity,426,426,0,100.0,6.140250658787922e-06,0.01214483927169911,-0.06782777773590878,-0.004983823846159303,0.0,0.004985727731406663,0.059837004001101,0.08000014934044163,0.08000014934044163,0.12243406736293477,0.12243406736293477,0.03370865371506064,0.03370865371506064,0.09800462134194779,weak_or_no_incremental_signal
repricing_acceleration,426,426,0,100.0,-0.000524464561626978,0.008755464292130118,-0.03505987704203423,-0.004970025447900655,0.0,0.002522016882191268,0.04485784313259242,0.0238746739390859,0.0238746739390859,-0.05552127534765049,0.05552127534765049,0.050645736967233006,0.050645736967233006,0.013389028165260443,weak_or_no_incremental_signal
yes_change_frequency_30s,426,426,0,100.0,0.30039123630672926,0.09643232331135718,0.03333333333333333,0.23333333333333334,0.3,0.36666666666666664,0.5,-0.07067667390813337,0.07067667390813337,-0.11291744009563222,0.11291744009563222,-0.027637880705953934,0.027637880705953934,-0.4300534000347774,weak_or_no_incremental_signal
no_change_frequency_30s,426,426,0,100.0,0.30039123630672926,0.09643232331135718,0.03333333333333333,0.23333333333333334,0.3,0.36666666666666664,0.5,-0.07067667390813337,0.07067667390813337,-0.11291744009563222,0.11291744009563222,-0.027637880705953934,0.027637880705953934,-0.4300534000347774,weak_or_no_incremental_signal
consecutive_quote_stability,426,426,0,100.0,1.039906103286385,0.2923398354620122,1.0,1.0,1.0,1.0,5.0,-0.05627438756249734,0.05627438756249734,0.02361581079859173,0.02361581079859173,-0.07193078490452018,0.07193078490452018,-0.04817854200401539,weak_or_no_incremental_signal
bid_ask_spread,426,426,0,100.0,0.011056338028169011,0.0051391571493259606,0.009999999999999898,0.010000000000000009,0.010000000000000009,0.010000000000000009,0.07,-0.05030388445587836,0.05030388445587836,-0.05500813922493194,0.05500813922493194,-0.030771849365114505,0.030771849365114505,-0.30146884588868694,weak_or_no_incremental_signal
spread_change,426,426,0,100.0,0.0005399061032863859,0.005734482200583566,-0.020000000000000018,0.0,0.0,0.0,0.06,-0.05327824108088038,0.05327824108088038,-0.0542587996773841,0.0542587996773841,-0.03435675789968326,0.03435675789968326,-0.2701718691340997,weak_or_no_incremental_signal
spread_velocity,426,426,0,100.0,0.00027142075398172533,0.0028762844492723548,-0.010052292023104197,0.0,0.0,0.0,0.03013586755888925,-0.05309792546462538,0.05309792546462538,-0.05397590224864599,0.05397590224864599,-0.03428377769930107,0.03428377769930107,-0.27038214977271885,weak_or_no_incremental_signal
spread_compression,426,426,0,100.0,-0.0005399061032863859,0.005734482200583566,-0.06,-0.0,-0.0,-0.0,0.020000000000000018,0.05327824108088038,0.05327824108088038,0.0542587996773841,0.0542587996773841,0.03435675789968326,0.03435675789968326,0.2701718691340997,weak_or_no_incremental_signal
yes_bid_size,426,426,0,100.0,271.1224178403756,379.08739232068007,0.01,40.902499999999996,123.97999999999999,297.33750000000003,2652.37,0.033439165310035934,0.033439165310035934,0.020205105791793097,0.020205105791793097,0.027642706052407654,0.027642706052407654,-0.11325556253853414,weak_or_no_incremental_signal
yes_ask_size,426,426,0,100.0,233.53528169014083,403.506979267627,0.66,25.6625,86.97999999999999,224.67000000000002,3295.35,0.015899450131288816,0.015899450131288816,0.05133791561342789,0.05133791561342789,-0.005262878395645046,0.005262878395645046,-0.2643579595172046,weak_or_no_incremental_signal
total_bid_depth,426,426,0,100.0,26113.120962441313,13832.859112993518,6183.099999999999,15498.16,19749.045,36436.2225,65730.64,0.04478493317240251,0.04478493317240251,0.14231344279495067,0.14231344279495067,-0.013935652521285919,0.013935652521285919,-0.3796446623119036,weak_or_no_incremental_signal
total_ask_depth,426,426,0,100.0,25634.896103286384,13767.927281334018,5887.41,15607.3325,18971.199999999997,35048.1725,70004.42,-0.08138003333339498,0.08138003333339498,-0.1749978587283911,0.1749978587283911,-0.011975667058934547,0.011975667058934547,-0.4330487336508295,weak_or_no_incremental_signal
book_imbalance,426,426,0,100.0,0.009069035617415459,0.1067340012589041,-0.40128464884432785,-0.0562925590215817,0.005095301007490083,0.06744766771346497,0.43719009733612124,0.30629500250339575,0.30629500250339575,0.7923769022568956,0.7923769022568956,-0.023890632472620448,0.023890632472620448,0.14599096662656078,weak_or_no_incremental_signal
market_refresh_latency,426,426,0,100.0,0.2772488262958796,0.4044079234220883,0.125,0.15600000001722947,0.1720000000204891,0.26600000000325963,7.0,-0.07204978868971333,0.07204978868971333,-0.029159427942490438,0.029159427942490438,-0.06591361677812568,0.06591361677812568,-0.42540600399037753,weak_or_no_incremental_signal
cross_asset_yes_dispersion,426,426,0,100.0,0.10372065727699531,0.06673790277189193,0.010000000000000009,0.050000000000000044,0.09,0.13999999999999996,0.36,0.06109809362508962,0.06109809362508962,-0.07923165042371016,0.07923165042371016,0.1020207464798808,0.1020207464798808,0.35630940942633094,weak_or_no_incremental_signal
cross_asset_relative_yes,426,426,0,100.0,-0.00013302034428795028,0.053461444563383885,-0.20333333333333334,-0.030000000000000016,0.0,0.033333333333333326,0.22000000000000003,0.13876782143647817,0.13876782143647817,0.28795561493868166,0.28795561493868166,0.025804317533968016,0.025804317533968016,-0.0008781722452684452,weak_or_no_incremental_signal
