market_id,timestamp,open_timestamp,resolution_timestamp,market_probability,btc_price,btc_return_1m,btc_return_5m,btc_return_15m,btc_volatility_15m,final_outcome,outcome
btc-updown-5m-1781395200,1781395384,1781395200,1781395500,0.2850000000,64403.4600000000,-0.0005191124,-0.0007337386,0.0001205049,0.0002872340,Down,0
btc-updown-5m-1781395500,1781395684,1781395500,1781395800,0.7550000000,64424.8700000000,-0.0002970020,0.0003324356,0.0004174043,0.0003453337,Down,0
btc-updown-5m-1781395800,1781395985,1781395800,1781396100,0.5950000000,64416.8700000000,0.0000644283,-0.0001241756,-0.0005256727,0.0003303871,Up,1
btc-updown-5m-1781396100,1781396284,1781396100,1781396400,0.5750000000,64390.0100000000,-0.0007425759,-0.0004169715,-0.0002088397,0.0003251632,Down,0
btc-updown-5m-1781396400,1781396584,1781396400,1781396700,0.8350000000,64482.3600000000,0.0007738331,0.0014342287,0.0008923573,0.0003279360,Up,1
btc-updown-5m-1781396700,1781396884,1781396700,1781397000,0.9150000000,64527.4300000000,0.0000017047,0.0006989508,0.0017163206,0.0003736166,Down,0
btc-updown-5m-1781397000,1781397184,1781397000,1781397300,0.9050000000,64520.9100000000,-0.0001929235,-0.0001010423,0.0020329241,0.0004306098,Up,1
btc-updown-5m-1781397300,1781397485,1781397300,1781397600,0.6250000000,64547.4000000000,0.0000289718,0.0004105646,0.0010086479,0.0004047115,Up,1
btc-updown-5m-1781397600,1781397788,1781397600,1781397900,0.4250000000,64539.1200000000,-0.0000444672,-0.0001282778,0.0001811633,0.0003589353,Down,0
btc-updown-5m-1781397900,1781398099,1781397900,1781398200,0.6950000000,64572.9500000000,0.0002242928,0.0005241782,0.0008065602,0.0002015837,Up,1
btc-updown-5m-1781398200,1781398385,1781398200,1781398500,0.1250000000,64538.0000000000,0.0001658213,-0.0005412483,-0.0001456294,0.0002047989,Down,0
btc-updown-5m-1781398500,1781398701,1781398500,1781398800,0.5550000000,64554.9900000000,0.0004081908,0.0002632558,0.0002458974,0.0002180099,Up,1
btc-updown-5m-1781398800,1781398987,1781398800,1781399100,0.1650000000,64507.2600000000,-0.0005074372,-0.0007393696,-0.0010172990,0.0002300198,Down,0
btc-updown-5m-1781399100,1781399285,1781399100,1781399400,0.9550000000,64592.2900000000,-0.0000969062,0.0013181462,0.0008412098,0.0003462247,Up,1
btc-updown-5m-1781399400,1781399584,1781399400,1781399700,0.7450000000,64652.0000000000,0.0000000000,0.0009244137,0.0015027498,0.0003679721,Up,1
btc-updown-5m-1781399700,1781399886,1781399700,1781400000,0.7050000000,64662.0100000000,0.0000675868,0.0001548289,0.0023989548,0.0003891076,Up,1
btc-updown-5m-1781400000,1781400185,1781400000,1781400300,0.4950000000,64642.7700000000,-0.0004332713,-0.0002975472,0.0007815174,0.0003663392,Down,0
btc-updown-5m-1781400300,1781400485,1781400300,1781400600,0.3450000000,64626.3100000000,-0.0003103036,-0.0002546302,-0.0003973582,0.0003334524,Down,0
btc-updown-5m-1781400600,1781400788,1781400600,1781400900,0.1150000000,64620.0000000000,0.0002166981,-0.0000976383,-0.0006496860,0.0003592013,Down,0
btc-updown-5m-1781400900,1781401085,1781400900,1781401200,0.6950000000,64569.2800000000,-0.0004753871,-0.0007848963,-0.0011368634,0.0003523839,Down,0
btc-updown-5m-1781401200,1781401387,1781401200,1781401500,0.4950000000,64596.7800000000,-0.0001671630,0.0004258991,-0.0004569346,0.0003547985,Down,0
btc-updown-5m-1781401500,1781401698,1781401500,1781401800,0.9550000000,64632.0000000000,0.0001864749,0.0005452284,0.0001857010,0.0002898774,Up,1
btc-updown-5m-1781401800,1781401985,1781401800,1781402100,0.5250000000,64628.9400000000,-0.0001090724,-0.0000473450,0.0009239688,0.0002141326,Down,0
btc-updown-5m-1781402100,1781402300,1781402100,1781402400,0.0650000000,64584.0000000000,-0.0000619310,-0.0006953541,-0.0001978427,0.0002247822,Down,0
btc-updown-5m-1781402400,1781402585,1781402400,1781402700,0.7650000000,64591.9900000000,0.0001907721,0.0001237149,-0.0006190432,0.0001578294,Up,1
btc-updown-5m-1781402700,1781402885,1781402700,1781403000,0.6750000000,64615.4300000000,0.0001232056,0.0003628933,-0.0002090395,0.0001623843,Down,0
btc-updown-5m-1781403000,1781403197,1781403000,1781403300,0.9450000000,64629.3100000000,0.0001439183,0.0002148094,0.0007015670,0.0001761349,Up,1
btc-updown-5m-1781403300,1781403483,1781403300,1781403600,0.3550000000,64614.1800000000,0.0000000000,-0.0002341043,0.0003435410,0.0001472935,Up,1
btc-updown-5m-1781403600,1781403784,1781403600,1781403900,0.0350000000,64581.0400000000,-0.0001285042,-0.0005128905,-0.0005322258,0.0002451573,Down,0
btc-updown-5m-1781403900,1781404087,1781403900,1781404200,0.1150000000,64520.4200000000,-0.0003122067,-0.0009386656,-0.0016848393,0.0002211695,Down,0
btc-updown-5m-1781404200,1781404385,1781404200,1781404500,0.6650000000,64543.6200000000,-0.0000545338,0.0003595761,-0.0010920204,0.0002516021,Up,1
btc-updown-5m-1781404500,1781404685,1781404500,1781404800,0.4550000000,64550.1100000000,-0.0001573723,0.0001005522,-0.0004789331,0.0001864407,Down,0
btc-updown-5m-1781404800,1781404985,1781404800,1781405100,0.0950000000,64510.0100000000,-0.0000429372,-0.0006212228,-0.0001613443,0.0001647057,Down,0
btc-updown-5m-1781405100,1781405284,1781405100,1781405400,0.1350000000,64507.9900000000,0.0004958433,-0.0000313130,-0.0005520298,0.0002072415,Down,0
btc-updown-5m-1781405400,1781405586,1781405400,1781405700,0.2800000000,64491.8500000000,-0.0000213976,-0.0002502016,-0.0009025546,0.0001815167,Down,0
btc-updown-5m-1781405700,1781405884,1781405700,1781406000,0.8350000000,64496.1600000000,-0.0000596899,0.0000668301,-0.0002146954,0.0001768991,Up,1
btc-updown-5m-1781406000,1781406185,1781406000,1781406300,0.8250000000,64488.6400000000,-0.0003001178,-0.0001165961,-0.0002999628,0.0001344019,Up,1
btc-updown-5m-1781406300,1781406486,1781406300,1781406600,0.6650000000,64498.4200000000,0.0000000000,0.0001516546,0.0001018733,0.0001334076,Down,0
btc-updown-5m-1781406600,1781406785,1781406600,1781406900,0.7650000000,64496.0200000000,-0.0000049615,-0.0000372102,-0.0000021707,0.0002113203,Up,1
btc-updown-5m-1781406900,1781407086,1781406900,1781407200,0.8550000000,64540.0000000000,0.0003490527,0.0006819025,0.0007964193,0.0002047682,Up,1
btc-updown-5m-1781407200,1781407400,1781407200,1781407500,0.4950000000,64526.0000000000,0.0000309962,-0.0002169197,0.0004276074,0.0002306766,Up,1
btc-updown-5m-1781407500,1781407697,1781407500,1781407800,0.5850000000,64530.1900000000,0.0000001550,0.0000649351,0.0005298001,0.0001514098,Up,1
btc-updown-5m-1781407800,1781407983,1781407800,1781408100,0.1550000000,64513.7100000000,0.0000000000,-0.0002553843,-0.0004073443,0.0001295789,Up,1
btc-updown-5m-1781408100,1781408284,1781408100,1781408400,0.0450000000,64486.0100000000,-0.0000465196,-0.0004293661,-0.0006197502,0.0001792950,Down,0
btc-updown-5m-1781408400,1781408584,1781408400,1781408700,0.4850000000,64476.2100000000,-0.0001175489,-0.0001519709,-0.0008365077,0.0001762603,Up,1
btc-updown-5m-1781408700,1781408885,1781408700,1781409000,0.7150000000,64490.1800000000,-0.0001210890,0.0002166691,-0.0003647287,0.0001840056,Down,0
btc-updown-5m-1781409000,1781409184,1781409000,1781409300,0.8750000000,64514.9600000000,0.0000218559,0.0003842445,0.0004489346,0.0001225806,Up,1
btc-updown-5m-1781409300,1781409485,1781409300,1781409600,0.6050000000,64528.0000000000,0.0000619924,0.0002021237,0.0008032420,0.0001368289,Up,1
btc-updown-5m-1781409600,1781409785,1781409600,1781409900,0.2150000000,64521.2900000000,-0.0001805280,-0.0001039859,0.0004823990,0.0001559009,Down,0
btc-updown-5m-1781409900,1781410084,1781409900,1781410200,0.3450000000,64512.9800000000,-0.0001287947,-0.0001287947,-0.0000306906,0.0001370192,Down,0
btc-updown-5m-1781410200,1781410384,1781410200,1781410500,0.2650000000,64498.3900000000,0.0000001550,-0.0002261560,-0.0004588706,0.0001252095,Down,0
btc-updown-5m-1781410500,1781410684,1781410500,1781410800,0.7250000000,64520.0000000000,0.0001846280,0.0003350471,-0.0000199934,0.0000978603,Up,1
btc-updown-5m-1781410800,1781410984,1781410800,1781411100,0.4050000000,64505.5500000000,0.0000000000,-0.0002239616,-0.0001151706,0.0000957539,Down,0
btc-updown-5m-1781411100,1781411299,1781411100,1781411400,0.0850000000,64470.0100000000,-0.0000310212,-0.0005509603,-0.0004400110,0.0001086782,Down,0
btc-updown-5m-1781411400,1781411584,1781411400,1781411700,0.4150000000,64464.5000000000,-0.0001475013,-0.0000854661,-0.0008601984,0.0001016085,Down,0
btc-updown-5m-1781411700,1781411885,1781411700,1781412000,0.0850000000,64437.6800000000,0.0000000000,-0.0004160429,-0.0010521575,0.0001107258,Down,0
btc-updown-5m-1781412000,1781412188,1781412000,1781412300,0.0550000000,64396.3000000000,-0.0001506071,-0.0006421709,-0.0011433223,0.0001137574,Down,0
btc-updown-5m-1781412300,1781412484,1781412300,1781412600,0.1450000000,64376.0000000000,0.0000394573,-0.0003152355,-0.0013728486,0.0001626661,Down,0
btc-updown-5m-1781412600,1781412784,1781412600,1781412900,0.1150000000,64334.0000000000,-0.0004042883,-0.0006524170,-0.0016089965,0.0002144895,Down,0
btc-updown-5m-1781412900,1781413084,1781412900,1781413200,0.9550000000,64380.0000000000,0.0000001553,0.0007150185,-0.0002531201,0.0002463749,Down,0
btc-updown-5m-1781413200,1781413384,1781413200,1781413500,0.9050000000,64385.5600000000,0.0001478811,0.0000863622,0.0001485025,0.0003060652,Up,1
btc-updown-5m-1781413500,1781413684,1781413500,1781413800,0.5050000000,64388.7900000000,0.0001724200,0.0000501665,0.0008516492,0.0002626117,Down,0
btc-updown-5m-1781413800,1781413999,1781413800,1781414100,0.3150000000,64335.3400000000,-0.0001656669,-0.0008301134,-0.0006936937,0.0002747957,Down,0
btc-updown-5m-1781414100,1781414286,1781414100,1781414400,0.2050000000,64348.0100000000,0.0000623213,0.0001969369,-0.0005832053,0.0002644974,Down,0
btc-updown-5m-1781414400,1781414584,1781414400,1781414700,0.3850000000,64352.1200000000,0.0000000000,0.0000638714,-0.0005695091,0.0002602282,Down,0
btc-updown-5m-1781414700,1781414884,1781414700,1781415000,0.0450000000,64312.9600000000,-0.0000001555,-0.0006085270,-0.0003478648,0.0002462039,Down,0
btc-updown-5m-1781415000,1781415184,1781415000,1781415300,0.5450000000,64293.4200000000,-0.0000591005,-0.0003038268,-0.0008483557,0.0001164143,Up,1
btc-updown-5m-1781415300,1781415484,1781415300,1781415600,0.7950000000,64337.4000000000,-0.0000240912,0.0006840513,-0.0002287415,0.0001739337,Up,1
btc-updown-5m-1781415600,1781415784,1781415600,1781415900,0.3800000000,64386.0100000000,0.0002429689,0.0007555481,0.0011358519,0.0001662129,Up,1
btc-updown-5m-1781415900,1781416084,1781415900,1781416200,0.5550000000,64363.2200000000,-0.0000278101,-0.0003539589,0.0010856476,0.0001908745,Down,0
btc-updown-5m-1781416200,1781416384,1781416200,1781416500,0.6150000000,64376.3700000000,-0.0000905530,0.0002043092,0.0006057130,0.0001652348,Up,1
btc-updown-5m-1781416500,1781416685,1781416500,1781416800,0.2950000000,64357.1800000000,0.0000730353,-0.0002980907,-0.0004477681,0.0001627940,Down,0
btc-updown-5m-1781416800,1781416984,1781416800,1781417100,0.9750000000,64411.3300000000,-0.0001456053,0.0008413980,0.0007474766,0.0002658625,Up,1
btc-updown-5m-1781417100,1781417284,1781417100,1781417400,0.6750000000,64457.2200000000,0.0000162901,0.0007124523,0.0012558956,0.0002993246,Up,1
btc-updown-5m-1781417400,1781417585,1781417400,1781417700,0.2650000000,64451.0400000000,-0.0001320208,-0.0000958775,0.0014584231,0.0003189449,Up,1
btc-updown-5m-1781417700,1781417884,1781417700,1781418000,0.1150000000,64446.8900000000,-0.0000716818,-0.0000643900,0.0005520768,0.0002611860,Down,0
btc-updown-5m-1781418000,1781418185,1781418000,1781418300,0.0750000000,64371.8000000000,-0.0004852255,-0.0011651454,-0.0013252200,0.0002564029,Down,0
btc-updown-5m-1781418300,1781418485,1781418300,1781418600,0.1650000000,64349.8000000000,0.0001736126,-0.0003417646,-0.0015708048,0.0002237113,Up,1
btc-updown-5m-1781418600,1781418784,1781418600,1781418900,0.0750000000,64314.2100000000,-0.0002454531,-0.0005530709,-0.0020587495,0.0003020274,Down,0
btc-updown-5m-1781418900,1781419087,1781418900,1781419200,0.0550000000,64260.8300000000,0.0000504221,-0.0008299876,-0.0017238915,0.0003200870,Down,0
btc-updown-5m-1781419200,1781419385,1781419200,1781419500,0.7050000000,64266.0100000000,-0.0001252449,0.0000806090,-0.0013021019,0.0003493897,Up,1
btc-updown-5m-1781419500,1781419699,1781419500,1781419800,0.8650000000,64279.9900000000,0.0001734900,0.0002175333,-0.0005320753,0.0002847590,Up,1
btc-updown-5m-1781419800,1781419984,1781419800,1781420100,0.4750000000,64256.0100000000,-0.0001554477,-0.0003730554,-0.0000750068,0.0002330211,Down,0
btc-updown-5m-1781420100,1781420300,1781420100,1781420400,0.9150000000,64281.5300000000,-0.0000693775,0.0003971613,0.0002414962,0.0001800228,Up,1
btc-updown-5m-1781420400,1781420584,1781420400,1781420700,0.3750000000,64283.4000000000,-0.0000367111,0.0000290908,0.0000530492,0.0001322589,Up,1
btc-updown-5m-1781420700,1781420884,1781420700,1781421000,0.0550000000,64231.7900000000,-0.0001523935,-0.0008028511,-0.0003769297,0.0001497550,Down,0
btc-updown-5m-1781421000,1781421185,1781421000,1781421300,0.6850000000,64249.9900000000,-0.0000001556,0.0002833488,-0.0004906542,0.0001338963,Down,0
btc-updown-5m-1781421300,1781421485,1781421300,1781421600,0.9750000000,64287.9900000000,-0.0000001556,0.0005914398,0.0000714026,0.0002753837,Up,1
btc-updown-5m-1781421600,1781421784,1781421600,1781421900,0.9050000000,64332.7200000000,-0.0000840870,0.0006957754,0.0015713403,0.0002493182,Up,1
btc-updown-5m-1781421900,1781422084,1781421900,1781422200,0.6650000000,64371.9900000000,0.0000933723,0.0006104203,0.0018988330,0.0002756233,Down,0
btc-updown-5m-1781422200,1781422384,1781422200,1781422500,0.0650000000,64345.3100000000,0.0003311361,-0.0004144660,0.0008916129,0.0002180827,Down,0
btc-updown-5m-1781422500,1781422685,1781422500,1781422800,0.3350000000,64306.6200000000,-0.0004411285,-0.0006012870,-0.0004057033,0.0002437759,Down,0
btc-updown-5m-1781422800,1781422984,1781422800,1781423100,0.4250000000,64298.0600000000,-0.0002795570,-0.0001331123,-0.0011484809,0.0002120360,Down,0
btc-updown-5m-1781423100,1781423284,1781423100,1781423400,0.9950000000,64405.5900000000,-0.0001263706,0.0016723677,0.0009368204,0.0003183237,Up,1
btc-updown-5m-1781423400,1781423585,1781423400,1781423700,0.5000000000,64415.6800000000,-0.0000001552,0.0001566634,0.0016959374,0.0002724872,Up,1
btc-updown-5m-1781423700,1781423885,1781423700,1781424000,0.9150000000,64426.4000000000,-0.0002456464,0.0001664191,0.0019960167,0.0002609845,Up,1
btc-updown-5m-1781424000,1781424184,1781424000,1781424300,0.0550000000,64402.0100000000,0.0000000000,-0.0003785715,-0.0000555852,0.0001487868,Down,0
btc-updown-5m-1781424300,1781424484,1781424300,1781424600,0.9350000000,64438.0000000000,0.0002530203,0.0005588335,0.0003464995,0.0001729881,Up,1
btc-updown-5m-1781424600,1781424784,1781424600,1781424900,0.3050000000,64432.6800000000,-0.0001868268,-0.0000825600,0.0000974756,0.0001750276,Down,0
btc-updown-5m-1781424900,1781425084,1781424900,1781425200,0.9650000000,64505.2000000000,0.0001573764,0.0011255158,0.0016022792,0.0002396715,Up,1
btc-updown-5m-1781425200,1781425385,1781425200,1781425500,0.1250000000,64504.8000000000,0.0002541542,-0.0000062011,0.0010366554,0.0002438696,Down,0
btc-updown-5m-1781425500,1781425685,1781425500,1781425800,0.1850000000,64480.7900000000,0.0000435808,-0.0003722204,0.0007466708,0.0002477675,Down,0
btc-updown-5m-1781425800,1781425984,1781425800,1781426100,0.0550000000,64448.1100000000,-0.0001224091,-0.0005068176,-0.0008850449,0.0001531426,Down,0
btc-updown-5m-1781426100,1781426284,1781426100,1781426400,0.7450000000,64502.0000000000,0.0000310078,0.0008361766,-0.0000434076,0.0001931039,Down,0
btc-updown-5m-1781426400,1781426584,1781426400,1781426700,0.5750000000,64471.7300000000,0.0000001551,-0.0004692878,-0.0001405070,0.0002336265,Up,1
btc-updown-5m-1781426700,1781426884,1781426700,1781427000,0.5250000000,64478.8100000000,0.0000001551,0.0001098156,0.0004763522,0.0002263087,Down,0
btc-updown-5m-1781427000,1781427185,1781427000,1781427300,0.4850000000,64452.4800000000,-0.0001276747,-0.0004083512,-0.0007677281,0.0002182078,Up,1
btc-updown-5m-1781427300,1781427484,1781427300,1781427600,0.3150000000,64451.2200000000,-0.0002142247,-0.0000195493,-0.0003181239,0.0002012836,Down,0
btc-updown-5m-1781427600,1781427786,1781427600,1781427900,0.2900000000,64442.6600000000,0.0001224494,-0.0001328136,-0.0005606493,0.0002493141,Up,1
btc-updown-5m-1781427900,1781428084,1781427900,1781428200,0.2050000000,64458.2000000000,0.0000656282,0.0002411446,0.0000887476,0.0002705953,Down,0
btc-updown-5m-1781428200,1781428384,1781428200,1781428500,0.3650000000,64430.1100000000,-0.0001489765,-0.0004357863,-0.0003275345,0.0002415082,Down,0
btc-updown-5m-1781428500,1781428685,1781428500,1781428800,0.0950000000,64367.8000000000,-0.0004329483,-0.0009670944,-0.0011616529,0.0002303594,Down,0
btc-updown-5m-1781428800,1781428984,1781428800,1781429100,0.7800000000,64358.0000000000,0.0000091676,-0.0001522500,-0.0015544958,0.0002546572,Up,1
btc-updown-5m-1781429100,1781429284,1781429100,1781429400,0.7850000000,64351.9600000000,0.0000348098,-0.0000938500,-0.0012129422,0.0003044081,Up,1
btc-updown-5m-1781429400,1781429584,1781429400,1781429700,0.9650000000,64496.0000000000,0.0013166967,0.0022383157,0.0019916791,0.0004318317,Up,1
btc-updown-5m-1781429700,1781429885,1781429700,1781430000,0.3650000000,64480.0000000000,0.0002482005,-0.0002480774,0.0018956462,0.0004206048,Up,1
btc-updown-5m-1781430000,1781430185,1781430000,1781430300,0.9250000000,64538.5800000000,-0.0001459379,0.0009084988,0.0028999894,0.0004944496,Up,1
btc-updown-5m-1781430300,1781430485,1781430300,1781430600,0.6750000000,64574.0000000000,0.0000621032,0.0005488190,0.0012093773,0.0003820817,Up,1
btc-updown-5m-1781430600,1781430785,1781430600,1781430900,0.6750000000,64602.0300000000,0.0003411273,0.0004340756,0.0018925248,0.0003719066,Up,1
btc-updown-5m-1781430900,1781431084,1781430900,1781431200,0.6550000000,64616.0000000000,0.0000283220,0.0002162471,0.0011995926,0.0001812737,Up,1
btc-updown-5m-1781431200,1781431387,1781431200,1781431500,0.2250000000,64552.3900000000,-0.0007229204,-0.0009844311,-0.0003346548,0.0003118671,Down,0
btc-updown-5m-1781431500,1781431684,1781431500,1781431800,0.1250000000,64526.2400000000,-0.0001908936,-0.0004050973,-0.0011731829,0.0002507831,Down,0
btc-updown-5m-1781431800,1781431989,1781431800,1781432100,0.1350000000,64527.1500000000,0.0004381471,0.0000141028,-0.0013750464,0.0003379673,Down,0
btc-updown-5m-1781432100,1781432284,1781432100,1781432400,0.8650000000,64556.0300000000,0.0000000000,0.0004475635,0.0000563883,0.0002767560,Up,1
btc-updown-5m-1781432400,1781432587,1781432400,1781432700,0.9550000000,64615.0000000000,0.0001852854,0.0009134701,0.0013755644,0.0003027846,Up,1
btc-updown-5m-1781432700,1781432884,1781432700,1781433000,0.0650000000,64598.0000000000,-0.0001312562,-0.0002630968,0.0010979874,0.0002421660,Down,0
btc-updown-5m-1781433000,1781433184,1781433000,1781433300,0.9250000000,64631.6900000000,-0.0000666811,0.0005215332,0.0011720052,0.0002430617,Up,1
btc-updown-5m-1781433300,1781433485,1781433300,1781433600,0.2750000000,64638.0100000000,-0.0001141613,0.0000977848,0.0003561093,0.0002327521,Down,0
btc-updown-5m-1781433600,1781433784,1781433600,1781433900,0.0950000000,64606.0100000000,-0.0000716600,-0.0004950647,0.0001239976,0.0002358238,Down,0
btc-updown-5m-1781433900,1781434083,1781433900,1781434200,0.0250000000,64561.6500000000,-0.0000384114,-0.0006866234,-0.0010836789,0.0002353164,Down,0
btc-updown-5m-1781434200,1781434384,1781434200,1781434500,0.9350000000,64561.6500000000,-0.0000240075,0.0000000000,-0.0011813483,0.0002294897,Up,1
btc-updown-5m-1781434500,1781434684,1781434500,1781434800,0.0450000000,64531.4500000000,0.0000000000,-0.0004677700,-0.0011540722,0.0002298914,Down,0
btc-updown-5m-1781434800,1781434985,1781434800,1781435100,0.0650000000,64478.0100000000,-0.0003410852,-0.0008281233,-0.0012955059,0.0002100062,Down,0
btc-updown-5m-1781435100,1781435284,1781435100,1781435400,0.8450000000,64513.7100000000,0.0002125581,0.0005536771,-0.0007425461,0.0002199516,Up,1
btc-updown-5m-1781435400,1781435588,1781435400,1781435700,0.9650000000,64549.0700000000,-0.0000763702,0.0005481006,0.0002730452,0.0002145435,Up,1
btc-updown-5m-1781435700,1781435886,1781435700,1781436000,0.1150000000,64542.4500000000,0.0000379610,-0.0001025576,0.0009994105,0.0001776323,Down,0
btc-updown-5m-1781436000,1781436184,1781436000,1781436300,0.7450000000,64548.0200000000,0.0003152136,0.0000862998,0.0005318249,0.0002311980,Up,1
btc-updown-5m-1781436300,1781436484,1781436300,1781436600,0.9150000000,64574.1500000000,-0.0000904305,0.0004048149,0.0003885416,0.0002536816,Up,1
btc-updown-5m-1781436600,1781436784,1781436600,1781436900,0.9250000000,64611.3600000000,0.0000000000,0.0005762368,0.0010676694,0.0002479029,Up,1
btc-updown-5m-1781436900,1781437085,1781436900,1781437200,0.4750000000,64623.9200000000,0.0000003095,0.0001943931,0.0011758688,0.0001857222,Down,0
btc-updown-5m-1781437200,1781437395,1781437200,1781437500,0.4550000000,64619.0100000000,-0.0001046022,-0.0000759781,0.0006947052,0.0001200658,Down,0
btc-updown-5m-1781437500,1781437684,1781437500,1781437800,0.1950000000,64598.0400000000,-0.0000582027,-0.0003245175,-0.0002061557,0.0001029106,Up,1
btc-updown-5m-1781437800,1781437986,1781437800,1781438100,0.5050000000,64629.9400000000,-0.0000001547,0.0004938230,0.0000931544,0.0001137659,Down,0
btc-updown-5m-1781438100,1781438285,1781438100,1781438400,0.0650000000,64560.0000000000,0.0000929454,-0.0010821610,-0.0009131988,0.0002158397,Down,0
btc-updown-5m-1781438400,1781438584,1781438400,1781438700,0.4850000000,64555.7200000000,-0.0000181235,-0.0000662949,-0.0006551282,0.0002356905,Up,1
btc-updown-5m-1781438700,1781438888,1781438700,1781439000,0.0750000000,64501.1900000000,-0.0000745667,-0.0008446966,-0.0019921108,0.0002360410,Down,0
btc-updown-5m-1781439000,1781439184,1781439000,1781439300,0.4250000000,64506.5500000000,0.0000003100,0.0000830992,-0.0008279120,0.0002312339,Down,0
btc-updown-5m-1781439300,1781439484,1781439300,1781439600,0.5550000000,64500.0000000000,0.0000624845,-0.0001015401,-0.0008631303,0.0002485395,Down,0
btc-updown-5m-1781439600,1781439784,1781439600,1781439900,0.9450000000,64497.2500000000,-0.0001044897,-0.0000426357,-0.0000610841,0.0002508396,Up,1
btc-updown-5m-1781439900,1781440084,1781439900,1781440200,0.1650000000,64466.0100000000,-0.0001549414,-0.0004843617,-0.0006284633,0.0002188203,Down,0
btc-updown-5m-1781440200,1781440386,1781440200,1781440500,0.0350000000,64396.5900000000,-0.0002701277,-0.0010768465,-0.0016032558,0.0002758571,Down,0
btc-updown-5m-1781440500,1781440686,1781440500,1781440800,0.0450000000,64342.8900000000,0.0001891787,-0.0008338951,-0.0023932803,0.0002733982,Down,0
btc-updown-5m-1781440800,1781440984,1781440800,1781441100,0.6150000000,64355.4200000000,0.0000630911,0.0001947379,-0.0017154777,0.0002822185,Up,1
btc-updown-5m-1781441100,1781441284,1781441100,1781441400,0.0650000000,64323.5600000000,0.0001270302,-0.0004950632,-0.0011340663,0.0002371048,Down,0
btc-updown-5m-1781441400,1781441584,1781441400,1781441700,0.1250000000,64298.9000000000,-0.0000615836,-0.0003833743,-0.0006836808,0.0001776375,Down,0
btc-updown-5m-1781441700,1781441902,1781441700,1781442000,0.8550000000,64325.1700000000,-0.0000041974,0.0004085606,-0.0004700459,0.0001936501,Up,1
btc-updown-5m-1781442000,1781442187,1781442000,1781442300,0.8750000000,64368.3100000000,0.0001502518,0.0006706550,0.0006957015,0.0002233576,Up,1
btc-updown-5m-1781442300,1781442485,1781442300,1781442600,0.9550000000,64358.6400000000,-0.0002528935,-0.0001502292,0.0009290983,0.0002823890,Up,1
btc-updown-5m-1781442600,1781442784,1781442600,1781442900,0.4550000000,64340.9400000000,-0.0001106482,-0.0002750213,0.0002451606,0.0003360889,Up,1
btc-updown-5m-1781442900,1781443086,1781442900,1781443200,0.9550000000,64378.0100000000,-0.0003124314,0.0005761495,0.0001506953,0.0003089296,Down,0
btc-updown-5m-1781443200,1781443386,1781443200,1781443500,0.6150000000,64326.2400000000,-0.0000228517,-0.0008041566,-0.0005034289,0.0003392960,Up,1
btc-updown-5m-1781443500,1781443684,1781443500,1781443800,0.1550000000,64306.0000000000,-0.0002176617,-0.0003146461,-0.0005430446,0.0003003768,Down,0
btc-updown-5m-1781443800,1781443984,1781443800,1781444100,0.5250000000,64253.5700000000,-0.0002128611,-0.0008153205,-0.0019329582,0.0003599763,Up,1
btc-updown-5m-1781444100,1781444286,1781444100,1781444400,0.5150000000,64302.9900000000,0.0000465008,0.0007691401,-0.0003614388,0.0003786151,Down,0
btc-updown-5m-1781444400,1781444587,1781444400,1781444700,0.9550000000,64376.0000000000,0.0004041959,0.0011354060,0.0010885454,0.0004193664,Up,1
btc-updown-5m-1781444700,1781444885,1781444700,1781445000,0.1950000000,64322.0000000000,-0.0004414890,-0.0008388219,0.0010649992,0.0003522094,Down,0
btc-updown-5m-1781445000,1781445185,1781445000,1781445300,0.5050000000,64303.7000000000,-0.0000116633,-0.0002845061,0.0000110415,0.0002790684,Down,0
btc-updown-5m-1781445300,1781445484,1781445300,1781445600,0.8650000000,64315.7100000000,-0.0001392934,0.0001867700,-0.0009365291,0.0001734120,Up,1
btc-updown-5m-1781445600,1781445785,1781445600,1781445900,0.2250000000,64270.0000000000,-0.0001554138,-0.0007107128,-0.0008084326,0.0001709373,Up,1
btc-updown-5m-1781445900,1781446084,1781445900,1781446200,0.6950000000,64336.0900000000,0.0000161654,0.0010283180,0.0005037035,0.0002834106,Down,0
btc-updown-5m-1781446200,1781446387,1781446200,1781446500,0.3850000000,64316.7400000000,0.0007509124,-0.0003007643,0.0000160147,0.0004028662,Up,1
btc-updown-5m-1781446500,1781446686,1781446500,1781446800,0.2250000000,64266.9700000000,0.0000773396,-0.0007738265,-0.0000471449,0.0004112141,Down,0
btc-updown-5m-1781446800,1781446985,1781446800,1781447100,0.7450000000,64277.9400000000,-0.0005606866,0.0001706942,-0.0009038473,0.0005077658,Down,0
btc-updown-5m-1781447100,1781447285,1781447100,1781447400,0.5650000000,64244.9400000000,-0.0000785992,-0.0005133954,-0.0011163501,0.0004230309,Down,0
btc-updown-5m-1781447400,1781447584,1781447400,1781447700,0.1950000000,64073.8700000000,-0.0004386759,-0.0026627778,-0.0030046539,0.0005351335,Down,0
btc-updown-5m-1781447700,1781447885,1781447700,1781448000,0.3650000000,63945.5900000000,-0.0006046798,-0.0020020642,-0.0051705142,0.0005085796,Down,0
btc-updown-5m-1781448000,1781448184,1781448000,1781448300,0.5550000000,63914.0000000000,0.0000258166,-0.0004940137,-0.0051512228,0.0006612882,Up,1
btc-updown-5m-1781448300,1781448486,1781448300,1781448600,0.5950000000,63900.0000000000,-0.0006570016,-0.0002190443,-0.0027135867,0.0006664887,Down,0
btc-updown-5m-1781448600,1781448785,1781448600,1781448900,0.7650000000,63971.6700000000,0.0006184684,0.0011215962,0.0004078467,0.0005662312,Up,1
btc-updown-5m-1781448900,1781449084,1781448900,1781449200,0.8250000000,63960.4600000000,0.0001818642,-0.0001752338,0.0007269143,0.0004344198,Up,1
btc-updown-5m-1781449200,1781449384,1781449200,1781449500,0.9850000000,64127.4300000000,0.0001021508,0.0026105191,0.0035591549,0.0005328095,Up,1
btc-updown-5m-1781449500,1781449687,1781449500,1781449800,0.1950000000,64119.8800000000,0.0000552121,-0.0001177343,0.0023168068,0.0005269241,Down,0
btc-updown-5m-1781449800,1781449985,1781449800,1781450100,0.2650000000,64105.5200000000,0.0000859594,-0.0002239555,0.0022679637,0.0004845580,Down,0
btc-updown-5m-1781450100,1781450284,1781450100,1781450400,0.2050000000,64074.7600000000,0.0000000000,-0.0004798339,-0.0008213334,0.0001956777,Down,0
btc-updown-5m-1781450400,1781450586,1781450400,1781450700,0.9650000000,64073.7600000000,-0.0005548334,-0.0000156068,-0.0007192777,0.0003452760,Up,1
btc-updown-5m-1781450700,1781450888,1781450700,1781451000,0.3450000000,64058.2000000000,-0.0001454715,-0.0002428451,-0.0007381580,0.0003844231,Down,0
btc-updown-5m-1781451000,1781451184,1781451000,1781451300,0.2550000000,64008.7200000000,-0.0003779306,-0.0007724226,-0.0010306710,0.0003742474,Down,0
btc-updown-5m-1781451300,1781451487,1781451300,1781451600,0.8550000000,64071.6000000000,0.0001066109,0.0009823662,-0.0000337111,0.0002996762,Up,1
btc-updown-5m-1781451600,1781451783,1781451600,1781451900,0.3050000000,64054.5800000000,0.0000000000,-0.0002656403,-0.0000565111,0.0002325584,Down,0
btc-updown-5m-1781451900,1781452084,1781451900,1781452200,0.3250000000,64054.5800000000,0.0000000000,0.0000000000,0.0007164649,0.0001815209,Up,1
