scenario,dimension,segment,signals,pnl,expectancy,max_drawdown
delay_0_5s_only,session_number,1,130,1.2612232472660438,0.009701717286661875,1.0442046397922178
delay_0_5s_only,session_number,2,42,2.0069988603786886,0.04778568715187354,0.32205968060117107
delay_0_5s_only,session_number,3,166,6.2162936127113255,0.037447551883803165,0.31515842579730446
delay_0_5s_only,asset,BTC,76,2.8189787360130665,0.03709182547385614,0.36271074760630684
delay_0_5s_only,asset,ETH,80,2.3866002959351764,0.029832503699189706,0.422446162963561
delay_0_5s_only,asset,SOL,182,4.278936688407815,0.023510641145097884,0.5923232357470724
delay_0_5s_only,side,NO,210,5.265939452341092,0.0250759021540052,1.1048366777124845
delay_0_5s_only,side,YES,128,4.218576268014966,0.032957627093866924,0.432721169958829
delay_0_5s_only,external_move_regime,high,12,1.0858563123064358,0.09048802602553632,0.1303732255506681
delay_0_5s_only,external_move_regime,low,267,5.5595727194815785,0.02082236973588606,1.1082447532125022
delay_0_5s_only,external_move_regime,medium,59,2.839086688568044,0.04812011336556007,0.5000000000000001
delay_0_5s_only,spread_regime,high,31,1.0705102512737286,0.03453258875076544,0.29574095813509343
delay_0_5s_only,spread_regime,low,27,0.22672243784239823,0.00839712732749623,0.45122349642764537
delay_0_5s_only,spread_regime,medium,280,8.187283031239932,0.029240296540142614,1.1061847713116877
delay_0_5s_only,quote_age_regime,high,26,1.991370767829594,0.07659118337806131,0.44000000000000006
delay_0_5s_only,quote_age_regime,low,33,0.9898282806283702,0.029994796382677887,0.35568169223305174
delay_0_5s_only,quote_age_regime,medium,279,6.503316671898094,0.023309378752322918,1.1421652811624805
delay_1s_only,session_number,1,130,0.8260176122824363,0.006353981632941818,1.2879046320975887
delay_1s_only,session_number,2,42,1.6721313001777944,0.0398126500042332,0.4057186258506573
delay_1s_only,session_number,3,166,5.109589745555369,0.030780661117803428,0.402884199617364
delay_1s_only,asset,BTC,76,2.3881165416089,0.03142258607380132,0.43923779460600526
delay_1s_only,asset,ETH,80,1.981117618930281,0.02476397023662851,0.4398894188627914
delay_1s_only,asset,SOL,182,3.238504497476418,0.017793980755364935,0.7345458810537162
delay_1s_only,side,NO,210,3.980900277130051,0.018956667986333577,1.223349764452352
delay_1s_only,side,YES,128,3.6268383808855487,0.02833467485066835,0.4760268500158054
delay_1s_only,external_move_regime,high,12,1.015804068118717,0.08465033900989309,0.1563938350857348
delay_1s_only,external_move_regime,low,267,4.165262540292288,0.015600234233304448,1.3209317912659433
delay_1s_only,external_move_regime,medium,59,2.4266720496045946,0.041130034739060926,0.5018432620471037
delay_1s_only,spread_regime,high,31,0.7928321908920636,0.025575231964260117,0.3702983136656226
delay_1s_only,spread_regime,low,27,0.09332847912407394,0.003456610337928665,0.5075722645585943
delay_1s_only,spread_regime,medium,280,6.721577987999462,0.024005635671426648,1.2596846996748314
delay_1s_only,quote_age_regime,high,26,1.9673898179447638,0.07566883915172168,0.44000000000000006
delay_1s_only,quote_age_regime,low,33,0.8193360883367903,0.024828366313236067,0.3676343034058545
delay_1s_only,quote_age_regime,medium,279,4.821012751734045,0.017279615597613065,1.4663021047294673
delay_2s_only,session_number,1,130,-0.47556574760707654,-0.0036581980585159734,2.10817495515721
delay_2s_only,session_number,2,42,0.7081276531265948,0.016860182217299877,0.7815525383737887
delay_2s_only,session_number,3,166,2.2047653017561353,0.013281718685277924,0.7539695044780307
delay_2s_only,asset,BTC,76,1.2588503522170182,0.016563820423908134,0.7374973301903773
delay_2s_only,asset,ETH,80,0.9088838916627002,0.011361048645783753,0.8570827689197287
delay_2s_only,asset,SOL,182,0.2695929633959352,0.0014812800186589845,1.2418163566770166
delay_2s_only,side,NO,210,0.4483991298660308,0.0021352339517430037,1.5399218646582753
delay_2s_only,side,YES,128,1.9889280774096227,0.015538500604762678,1.0649397316679292
delay_2s_only,external_move_regime,high,12,0.8429739102608167,0.07024782585506806,0.2253772061090641
delay_2s_only,external_move_regime,low,267,0.4580333871388605,0.0017154808507073426,1.9652458651410403
delay_2s_only,external_move_regime,medium,59,1.1363199098759764,0.01925965948942333,0.6866831965681295
delay_2s_only,spread_regime,high,31,0.06160644611847042,0.001987304713499046,0.590862216912988
delay_2s_only,spread_regime,low,27,-0.26537196201630286,-0.009828591185788995,0.6935887089805391
delay_2s_only,spread_regime,medium,280,2.641092723173486,0.009432474011333878,1.6994061182888238
delay_2s_only,quote_age_regime,high,26,1.9063727650318298,0.07332202942430115,0.44000000000000006
delay_2s_only,quote_age_regime,low,33,0.37749890863915575,0.011439360867853205,0.41864375598554404
delay_2s_only,quote_age_regime,medium,279,0.15345553360466802,0.0005500198337084875,2.5750318992393892
extreme_execution,session_number,1,130,-4.13605216510562,-0.03181578588542785,4.157217382165438
extreme_execution,session_number,2,42,-0.3250384018819733,-0.007739009568618412,0.3282079018819732
extreme_execution,session_number,3,166,-7.255468796490274,-0.04370764335235105,7.257023352634481
extreme_execution,asset,BTC,76,-3.677940413597286,-0.04839395281049061,3.7054564682879443
extreme_execution,asset,ETH,80,-2.541807279290187,-0.031772590991127336,2.597168136632027
extreme_execution,asset,SOL,182,-5.496811670590395,-0.030202261926320854,5.498261670590393
extreme_execution,side,NO,210,-5.824172464939858,-0.027734154594951706,5.825622464939857
extreme_execution,side,YES,128,-5.89238689853801,-0.046034272644828206,5.908738632879306
extreme_execution,external_move_regime,high,12,-0.2516606275378992,-0.020971718961491602,0.2516606275378992
extreme_execution,external_move_regime,low,267,-9.127874379648569,-0.034186795429395386,9.167537205275668
extreme_execution,external_move_regime,medium,59,-2.337024356291401,-0.03961058231002375,2.3370243562914004
extreme_execution,spread_regime,high,31,-1.6932239617905571,-0.05462012779969539,1.6932239617905571
extreme_execution,spread_regime,low,27,-1.7824176287617337,-0.06601546773191606,1.782417628761734
extreme_execution,spread_regime,medium,280,-8.240917772925577,-0.02943184918901992,8.242367772925578
extreme_execution,quote_age_regime,high,26,-0.008491900000000024,-0.0003266115384615394,0.037068500000000004
extreme_execution,quote_age_regime,low,33,-0.7427614445673243,-0.02250792256264619,0.7443160007115307
extreme_execution,quote_age_regime,medium,279,-10.965306018910544,-0.03930217211079048,10.965306018910546
fill_impairment_only,session_number,1,130,0.1579045,0.0012146499999999998,0.6077950000000001
fill_impairment_only,session_number,2,42,0.2182064999999999,0.005195392857142854,0.07880400000000001
fill_impairment_only,session_number,3,166,1.872079,0.011277584337349399,0.21140999999999993
fill_impairment_only,asset,BTC,76,1.167274,0.015358868421052631,0.46189700000000006
fill_impairment_only,asset,ETH,80,0.5814579999999999,0.007268224999999999,0.15903600000000007
fill_impairment_only,asset,SOL,182,0.499458,0.0027442747252747254,0.18519200000000002
fill_impairment_only,side,NO,210,1.7902784999999999,0.008525135714285714,0.40290600000000015
fill_impairment_only,side,YES,128,0.4579115000000001,0.0035774335937500006,0.23447849999999998
fill_impairment_only,external_move_regime,high,12,0.34288500000000005,0.028573750000000005,0.052362000000000006
fill_impairment_only,external_move_regime,low,267,1.1052285,0.004139432584269662,0.5937030000000001
fill_impairment_only,external_move_regime,medium,59,0.8000764999999999,0.013560618644067796,0.16310000000000002
fill_impairment_only,spread_regime,high,31,-0.01164999999999993,-0.00037580645161290095,0.163381
fill_impairment_only,spread_regime,low,27,0.09236999999999992,0.0034211111111111083,0.11208250000000002
fill_impairment_only,spread_regime,medium,280,2.16747,0.007740964285714285,0.6145950000000001
fill_impairment_only,quote_age_regime,high,26,0.49434950000000005,0.019013442307692308,0.1068
fill_impairment_only,quote_age_regime,low,33,-0.11027149999999991,-0.0033415606060606035,0.24673999999999996
fill_impairment_only,quote_age_regime,medium,279,1.8641119999999998,0.006681405017921146,0.6118120000000001
latency_only,session_number,1,130,-4.676251802775111,-0.035971167713654696,5.571914837561781
latency_only,session_number,2,42,-1.1561822996248585,-0.02752814999106806,1.6644699216160528
latency_only,session_number,3,166,-2.1542046986243073,-0.012977136738700646,2.751916699536029
latency_only,asset,BTC,76,-0.6359823845681201,-0.008368189270633158,1.6720650502381997
latency_only,asset,ETH,80,-0.9626940611554725,-0.012033675764443407,1.5312012761031173
latency_only,asset,SOL,182,-6.387962355300684,-0.03509869425989387,6.461525054907139
latency_only,side,NO,210,-6.283205742066608,-0.02992002734317432,6.39375578340862
latency_only,side,YES,128,-1.703433058957669,-0.013308070773106789,2.6102574838209076
latency_only,external_move_regime,high,12,0.5153196849115806,0.042943307075965054,0.28497028007322883
latency_only,external_move_regime,low,267,-6.9511971216444755,-0.02603444614848118,7.450573813428718
latency_only,external_move_regime,medium,59,-1.5507613642913813,-0.026284090920192904,2.070079410158241
latency_only,spread_regime,high,31,-2.4482404570502707,-0.07897549861452487,2.6401014386418247
latency_only,spread_regime,low,27,-0.9368279913290164,-0.03469733301218579,1.1896443133630974
latency_only,spread_regime,medium,280,-4.601570352644989,-0.016434179830874963,5.238753627940716
latency_only,quote_age_regime,high,26,1.8015249409937477,0.06928942080745183,0.44000000000000006
latency_only,quote_age_regime,low,33,-0.21561017715277828,-0.006533641731902372,0.5879052732084964
latency_only,quote_age_regime,medium,279,-9.572553564865245,-0.03431022783105823,9.58935155880213
moderate_execution,session_number,1,130,-2.5420581021631374,-0.019554293093562596,2.910020162613296
moderate_execution,session_number,2,42,-0.5485903664546019,-0.013061675391776236,0.592014754505948
moderate_execution,session_number,3,166,-2.1870514629335895,-0.01317500881285295,2.2126261307196176
moderate_execution,asset,BTC,76,-1.099125806327387,-0.01446218166220246,1.6422731751603707
moderate_execution,asset,ETH,80,-0.9017594952068259,-0.011271993690085323,1.0728874339438783
moderate_execution,asset,SOL,182,-3.276814630017116,-0.018004475989105033,3.276814630017115
moderate_execution,side,NO,210,-3.005290690145646,-0.0143109080483126,3.027390690145645
moderate_execution,side,YES,128,-2.272409241405683,-0.0177531971984819,2.5932380771726105
moderate_execution,external_move_regime,high,12,0.13491057412981738,0.011242547844151449,0.11678217332257582
moderate_execution,external_move_regime,low,267,-4.776028412816013,-0.01788774686447945,4.918252593220274
moderate_execution,external_move_regime,medium,59,-0.6365820928651339,-0.010789526997714132,0.851572926331786
moderate_execution,spread_regime,high,31,-1.241830183837497,-0.040059038188306355,1.3028552245922065
moderate_execution,spread_regime,low,27,-0.4270895155242693,-0.015818130204602567,0.42708951552426944
moderate_execution,spread_regime,medium,280,-3.6087802321895626,-0.012888500829248438,3.7018807228445954
moderate_execution,quote_age_regime,high,26,0.38633124704968735,0.014858894117295669,0.1252
moderate_execution,quote_age_regime,low,33,-0.6789646751724537,-0.020574687126437993,0.6884553644655036
moderate_execution,quote_age_regime,medium,279,-4.985066503428563,-0.01786762187608804,4.985066503428562
quote_age_only,session_number,1,130,-2.5976860551680345,-0.019982200424369496,3.625255703354224
quote_age_only,session_number,2,42,0.3856900472485465,0.009183096363060632,0.83284784978691
quote_age_only,session_number,3,166,2.7410299996195566,0.016512228913370824,0.5529695525928806
quote_age_only,asset,BTC,76,1.2696672632148613,0.016706148200195545,1.030727032199874
quote_age_only,asset,ETH,80,0.8384220471818268,0.010480275589772834,0.7603910567367897
quote_age_only,asset,SOL,182,-1.5790553186966196,-0.008676128124706702,2.513905091705231
quote_age_only,side,NO,210,-0.46110487193263944,-0.002195737485393521,2.409544073919229
quote_age_only,side,YES,128,0.9901388636327081,0.007735459872130532,1.440282768517273
quote_age_only,external_move_regime,high,12,0.8173457746507641,0.06811214788756367,0.1695930739641648
quote_age_only,external_move_regime,low,267,-0.7362305087833372,-0.0027574176358926487,2.8181367889713504
quote_age_only,external_move_regime,medium,59,0.44791872583264164,0.00759184281072274,1.1746776034419601
quote_age_only,spread_regime,high,31,-1.2198469031687413,-0.039349900102217464,1.4141754544930822
quote_age_only,spread_regime,low,27,-0.34195602931271396,-0.01266503812269311,0.9015556043825588
quote_age_only,spread_regime,medium,280,2.0908369241815237,0.007467274729219728,2.925374662329485
quote_age_only,quote_age_regime,high,26,1.9061521759619178,0.07331354522930453,0.44000000000000006
quote_age_only,quote_age_regime,low,33,0.5368909142080659,0.016269421642668664,0.4254771261386638
quote_age_only,quote_age_regime,medium,279,-1.9140090984699152,-0.006860247664766721,4.329181356029629
recorded_conservative,session_number,1,130,1.6029999999999995,0.012330769230769227,0.875
recorded_conservative,session_number,2,42,2.2499999999999996,0.05357142857142856,0.28
recorded_conservative,session_number,3,166,7.1,0.04277108433734939,0.26
recorded_conservative,asset,BTC,76,3.1644999999999994,0.041638157894736835,0.35300000000000015
recorded_conservative,asset,ETH,80,2.7099999999999995,0.033874999999999995,0.4050000000000002
recorded_conservative,asset,SOL,182,5.078499999999999,0.02790384615384615,0.49149999999999994
recorded_conservative,side,NO,210,6.270499999999999,0.029859523809523805,1.0095
recorded_conservative,side,YES,128,4.6825,0.03658203125,0.41000000000000003
recorded_conservative,external_move_regime,high,12,1.1450000000000002,0.09541666666666668,0.1100000000000001
recorded_conservative,external_move_regime,low,267,6.672999999999999,0.024992509363295876,0.945
recorded_conservative,external_move_regime,medium,59,3.1349999999999993,0.05313559322033897,0.5
recorded_conservative,spread_regime,high,31,1.2899999999999998,0.04161290322580645,0.245
recorded_conservative,spread_regime,low,27,0.32949999999999957,0.012203703703703687,0.4425000000000002
recorded_conservative,spread_regime,medium,280,9.333499999999999,0.03333392857142857,0.9815000000000005
recorded_conservative,quote_age_regime,high,26,2.011,0.07734615384615384,0.44000000000000006
recorded_conservative,quote_age_regime,low,33,1.13,0.03424242424242424,0.345
recorded_conservative,quote_age_regime,medium,279,7.8119999999999985,0.027999999999999994,0.9349999999999998
severe_execution,session_number,1,130,-2.9179136480159147,-0.02244548960012242,2.9926026876221004
severe_execution,session_number,2,42,-1.0181920018163815,-0.024242666709913846,1.0181920018163815
severe_execution,session_number,3,166,-3.513821551229796,-0.02116759970620359,3.5174572260887387
severe_execution,asset,BTC,76,-2.3390749945224982,-0.030777302559506555,2.421821372539562
severe_execution,asset,ETH,80,-1.2815455583731818,-0.016019319479664774,1.2903656006595106
severe_execution,asset,SOL,182,-3.8293066481664124,-0.02104014641849677,3.829306648166411
severe_execution,side,NO,210,-4.391417881800381,-0.02091151372285896,4.391417881800382
severe_execution,side,YES,128,-3.058509319261711,-0.02389460405673212,3.1084007650501038
severe_execution,external_move_regime,high,12,-0.07734977191310766,-0.006445814326092304,0.13737862471945653
severe_execution,external_move_regime,low,267,-5.874581011021078,-0.02200217607123999,5.899381006860472
severe_execution,external_move_regime,medium,59,-1.4979964181279066,-0.025389769798778078,1.5367094973860402
severe_execution,spread_regime,high,31,-1.2385401589536287,-0.03995290835334286,1.255160191557396
severe_execution,spread_regime,low,27,-0.7273888499037835,-0.026940327774214203,0.7273888499037836
severe_execution,spread_regime,medium,280,-5.48399819220468,-0.01958570782930243,5.4839981922046865
severe_execution,quote_age_regime,high,26,0.10791299999999997,0.004150499999999999,0.0625928
severe_execution,quote_age_regime,low,33,-0.7167185076272398,-0.021718742655370903,0.7167185076272398
severe_execution,quote_age_regime,medium,279,-6.841121693434853,-0.024520149438834595,6.84112169343486
spread_only,session_number,1,130,0.29649999999999943,0.0022807692307692264,1.3720000000000003
spread_only,session_number,2,42,1.8199999999999996,0.04333333333333333,0.31999999999999984
spread_only,session_number,3,166,5.884999999999999,0.03545180722891566,0.32500000000000007
spread_only,asset,BTC,76,2.5869999999999997,0.03403947368421052,0.47050000000000014
spread_only,asset,ETH,80,2.2659999999999996,0.028324999999999993,0.4500000000000001
spread_only,asset,SOL,182,3.148499999999999,0.017299450549450545,0.7565
spread_only,side,NO,210,4.623999999999999,0.02201904761904761,1.282
spread_only,side,YES,128,3.3774999999999995,0.026386718749999996,0.4625
spread_only,external_move_regime,high,12,1.046,0.08716666666666668,0.12
spread_only,external_move_regime,low,267,4.785499999999999,0.017923220973782766,1.3270000000000004
spread_only,external_move_regime,medium,59,2.1699999999999995,0.03677966101694914,0.535
spread_only,spread_regime,high,31,0.06999999999999985,0.0022580645161290277,0.40499999999999997
spread_only,spread_regime,low,27,0.19800000000000023,0.007333333333333341,0.49199999999999994
spread_only,spread_regime,medium,280,7.7334999999999985,0.02761964285714285,1.3315000000000003
spread_only,quote_age_regime,high,26,1.8659999999999999,0.07176923076923077,0.4650000000000001
spread_only,quote_age_regime,low,33,0.9400000000000001,0.028484848484848484,0.37000000000000005
spread_only,quote_age_regime,medium,279,5.195499999999998,0.01862186379928315,1.474499999999999
transaction_cost_only,session_number,1,130,0.9529999999999993,0.007330769230769226,1.1795000000000009
transaction_cost_only,session_number,2,42,2.0399999999999996,0.048571428571428564,0.30499999999999994
transaction_cost_only,session_number,3,166,6.27,0.037771084337349395,0.31000000000000005
transaction_cost_only,asset,BTC,76,2.7844999999999995,0.03663815789473684,0.42800000000000016
transaction_cost_only,asset,ETH,80,2.3099999999999996,0.028874999999999994,0.4450000000000001
transaction_cost_only,asset,SOL,182,4.168499999999999,0.02290384615384615,0.6465000000000001
transaction_cost_only,side,NO,210,5.220499999999999,0.024859523809523804,1.1645
transaction_cost_only,side,YES,128,4.0424999999999995,0.031582031249999996,0.4575
transaction_cost_only,external_move_regime,high,12,1.0850000000000002,0.09041666666666667,0.11999999999999988
transaction_cost_only,external_move_regime,low,267,5.337999999999998,0.019992509363295875,1.165
transaction_cost_only,external_move_regime,medium,59,2.8399999999999994,0.048135593220338974,0.53
transaction_cost_only,spread_regime,high,31,1.1349999999999998,0.036612903225806445,0.27
transaction_cost_only,spread_regime,low,27,0.19449999999999956,0.007203703703703687,0.49550000000000044
transaction_cost_only,spread_regime,medium,280,7.933499999999999,0.028333928571428565,1.2815000000000003
transaction_cost_only,quote_age_regime,high,26,1.881,0.07234615384615385,0.4650000000000001
transaction_cost_only,quote_age_regime,low,33,0.965,0.02924242424242424,0.37000000000000005
transaction_cost_only,quote_age_regime,medium,279,6.416999999999998,0.022999999999999993,1.27
